{
  "schema_version": "1.3.1",
  "id": "GO-2022-0278",
  "modified": "0001-01-01T00:00:00Z",
  "published": "0001-01-01T00:00:00Z",
  "aliases": [
    "CVE-2021-43816",
    "GHSA-mvff-h3cj-wj9c"
  ],
  "summary": "Unprivileged pod using `hostPath` can side-step active LSM when it is SELinux in github.com/containerd/containerd",
  "details": "Unprivileged pod using `hostPath` can side-step active LSM when it is SELinux in github.com/containerd/containerd",
  "affected": [
    {
      "package": {
        "name": "github.com/containerd/containerd",
        "ecosystem": "Go"
      },
      "ranges": [
        {
          "type": "SEMVER",
          "events": [
            {
              "introduced": "1.5.0"
            },
            {
              "fixed": "1.5.9"
            }
          ]
        }
      ],
      "ecosystem_specific": {}
    }
  ],
  "references": [
    {
      "type": "ADVISORY",
      "url": "https://github.com/containerd/containerd/security/advisories/GHSA-mvff-h3cj-wj9c"
    },
    {
      "type": "ADVISORY",
      "url": "https://nvd.nist.gov/vuln/detail/CVE-2021-43816"
    },
    {
      "type": "FIX",
      "url": "https://github.com/containerd/containerd/commit/a731039238c62be081eb8c31525b988415745eea"
    },
    {
      "type": "REPORT",
      "url": "https://github.com/containerd/containerd/issues/6194"
    },
    {
      "type": "WEB",
      "url": "https://github.com/dweomer/containerd/commit/f7f08f0e34fb97392b0d382e58916d6865100299"
    },
    {
      "type": "WEB",
      "url": "https://lists.fedoraproject.org/archives/list/package-announce@lists.fedoraproject.org/message/GD5GH7NMK5VJMA2Y5CYB5O5GTPYMWMLX"
    },
    {
      "type": "WEB",
      "url": "https://lists.fedoraproject.org/archives/list/package-announce@lists.fedoraproject.org/message/MPDIZMI7ZPERSZE2XO265UCK5IWM7CID"
    }
  ],
  "database_specific": {
    "url": "https://pkg.go.dev/vuln/GO-2022-0278",
    "review_status": "UNREVIEWED"
  }
}