{
  "schema_version": "1.3.1",
  "id": "GO-2022-0374",
  "modified": "0001-01-01T00:00:00Z",
  "published": "0001-01-01T00:00:00Z",
  "aliases": [
    "GHSA-m6m5-pp4g-fcc8"
  ],
  "summary": "S3 storage write is not aborted on errors leading to unbounded memory usage in github.com/foxcpp/maddy",
  "details": "S3 storage write is not aborted on errors leading to unbounded memory usage in github.com/foxcpp/maddy",
  "affected": [
    {
      "package": {
        "name": "github.com/foxcpp/maddy",
        "ecosystem": "Go"
      },
      "ranges": [
        {
          "type": "SEMVER",
          "events": [
            {
              "introduced": "0"
            },
            {
              "fixed": "0.5.1"
            }
          ]
        }
      ],
      "ecosystem_specific": {}
    }
  ],
  "references": [
    {
      "type": "ADVISORY",
      "url": "https://github.com/foxcpp/maddy/security/advisories/GHSA-m6m5-pp4g-fcc8"
    }
  ],
  "database_specific": {
    "url": "https://pkg.go.dev/vuln/GO-2022-0374",
    "review_status": "UNREVIEWED"
  }
}