{
  "schema_version": "1.3.1",
  "id": "GO-2022-0793",
  "modified": "0001-01-01T00:00:00Z",
  "published": "0001-01-01T00:00:00Z",
  "aliases": [
    "CVE-2020-7665",
    "GHSA-58pf-pcwv-qg85"
  ],
  "summary": "Path traversal in u-root in github.com/u-root/u-root",
  "details": "Path traversal in u-root in github.com/u-root/u-root",
  "affected": [
    {
      "package": {
        "name": "github.com/u-root/u-root",
        "ecosystem": "Go"
      },
      "ranges": [
        {
          "type": "SEMVER",
          "events": [
            {
              "introduced": "0"
            },
            {
              "fixed": "0.9.0"
            }
          ]
        }
      ],
      "ecosystem_specific": {}
    }
  ],
  "references": [
    {
      "type": "ADVISORY",
      "url": "https://github.com/advisories/GHSA-58pf-pcwv-qg85"
    },
    {
      "type": "ADVISORY",
      "url": "https://nvd.nist.gov/vuln/detail/CVE-2020-7665"
    },
    {
      "type": "FIX",
      "url": "https://github.com/u-root/u-root/pull/1817"
    },
    {
      "type": "FIX",
      "url": "https://github.com/u-root/u-root/pull/2344"
    },
    {
      "type": "WEB",
      "url": "https://snyk.io/vuln/SNYK-GOLANG-GITHUBCOMUROOTUROOTPKGUZIP-570441"
    }
  ],
  "database_specific": {
    "url": "https://pkg.go.dev/vuln/GO-2022-0793",
    "review_status": "UNREVIEWED"
  }
}