{
  "schema_version": "1.3.1",
  "id": "GO-2022-0869",
  "modified": "0001-01-01T00:00:00Z",
  "published": "0001-01-01T00:00:00Z",
  "aliases": [
    "CVE-2021-23347",
    "GHSA-qq5v-f4c3-395c"
  ],
  "summary": "Possible XSS when using SSO with the CLI in github.com/argoproj/argo-cd",
  "details": "Possible XSS when using SSO with the CLI in github.com/argoproj/argo-cd",
  "affected": [
    {
      "package": {
        "name": "github.com/argoproj/argo-cd",
        "ecosystem": "Go"
      },
      "ranges": [
        {
          "type": "SEMVER",
          "events": [
            {
              "introduced": "0"
            },
            {
              "fixed": "1.7.13"
            },
            {
              "introduced": "1.8.0"
            },
            {
              "fixed": "1.8.6"
            }
          ]
        }
      ],
      "ecosystem_specific": {}
    }
  ],
  "references": [
    {
      "type": "ADVISORY",
      "url": "https://github.com/argoproj/argo-cd/security/advisories/GHSA-qq5v-f4c3-395c"
    },
    {
      "type": "ADVISORY",
      "url": "https://nvd.nist.gov/vuln/detail/CVE-2021-23347"
    },
    {
      "type": "FIX",
      "url": "https://github.com/argoproj/argo-cd/pull/5563"
    },
    {
      "type": "WEB",
      "url": "https://snyk.io/vuln/SNYK-GOLANG-GITHUBCOMARGOPROJARGOCDCMD-1078291"
    }
  ],
  "database_specific": {
    "url": "https://pkg.go.dev/vuln/GO-2022-0869",
    "review_status": "UNREVIEWED"
  }
}