{
  "schema_version": "1.3.1",
  "id": "GO-2022-0749",
  "modified": "0001-01-01T00:00:00Z",
  "published": "0001-01-01T00:00:00Z",
  "aliases": [
    "CVE-2022-1884",
    "GHSA-958j-443g-7mm7"
  ],
  "summary": "OS Command Injection in gogs in gogs.io/gogs",
  "details": "OS Command Injection in gogs in gogs.io/gogs",
  "affected": [
    {
      "package": {
        "name": "gogs.io/gogs",
        "ecosystem": "Go"
      },
      "ranges": [
        {
          "type": "SEMVER",
          "events": [
            {
              "introduced": "0"
            },
            {
              "fixed": "0.12.8"
            }
          ]
        }
      ],
      "ecosystem_specific": {}
    }
  ],
  "references": [
    {
      "type": "ADVISORY",
      "url": "https://github.com/gogs/gogs/security/advisories/GHSA-958j-443g-7mm7"
    },
    {
      "type": "WEB",
      "url": "https://github.com/gogs/gogs/blob/f36eeedbf89328ee70cc3a2e239f6314f9021f58/conf/app.ini#L127-L129"
    },
    {
      "type": "WEB",
      "url": "https://github.com/gogs/gogs/issues/6968"
    },
    {
      "type": "WEB",
      "url": "https://github.com/gogs/gogs/pull/6970"
    },
    {
      "type": "WEB",
      "url": "https://github.com/gogs/gogs/releases/tag/v0.12.8"
    },
    {
      "type": "WEB",
      "url": "https://www.huntr.dev/bounties/9cd4e7b7-0979-4e5e-9a1c-388b58dea76b"
    }
  ],
  "database_specific": {
    "url": "https://pkg.go.dev/vuln/GO-2022-0749",
    "review_status": "UNREVIEWED"
  }
}