{
  "schema_version": "1.3.1",
  "id": "GO-2022-0704",
  "modified": "0001-01-01T00:00:00Z",
  "published": "0001-01-01T00:00:00Z",
  "aliases": [
    "CVE-2019-19030",
    "GHSA-q9x4-q76f-5h5j"
  ],
  "summary": "Unauthenticated users can exploit an enumeration vulnerability in Harbor (CVE-2019-19030) in github.com/goharbor/harbor",
  "details": "Unauthenticated users can exploit an enumeration vulnerability in Harbor (CVE-2019-19030) in github.com/goharbor/harbor",
  "affected": [
    {
      "package": {
        "name": "github.com/goharbor/harbor",
        "ecosystem": "Go"
      },
      "ranges": [
        {
          "type": "SEMVER",
          "events": [
            {
              "introduced": "1.7.0"
            },
            {
              "fixed": "1.10.3"
            },
            {
              "introduced": "2.0.0+incompatible"
            },
            {
              "fixed": "2.0.1+incompatible"
            }
          ]
        }
      ],
      "ecosystem_specific": {}
    }
  ],
  "references": [
    {
      "type": "ADVISORY",
      "url": "https://github.com/goharbor/harbor/security/advisories/GHSA-q9x4-q76f-5h5j"
    },
    {
      "type": "ADVISORY",
      "url": "https://nvd.nist.gov/vuln/detail/CVE-2019-19030"
    },
    {
      "type": "WEB",
      "url": "https://github.com/goharbor/harbor"
    }
  ],
  "database_specific": {
    "url": "https://pkg.go.dev/vuln/GO-2022-0704",
    "review_status": "UNREVIEWED"
  }
}