{
  "schema_version": "1.3.1",
  "id": "GO-2022-0261",
  "modified": "0001-01-01T00:00:00Z",
  "published": "0001-01-01T00:00:00Z",
  "aliases": [
    "CVE-2021-41266",
    "GHSA-4999-659w-mq36"
  ],
  "summary": "Authentication bypass issue in the Operator Console in github.com/minio/console",
  "details": "Authentication bypass issue in the Operator Console in github.com/minio/console",
  "affected": [
    {
      "package": {
        "name": "github.com/minio/console",
        "ecosystem": "Go"
      },
      "ranges": [
        {
          "type": "SEMVER",
          "events": [
            {
              "introduced": "0"
            },
            {
              "fixed": "0.12.3"
            }
          ]
        }
      ],
      "ecosystem_specific": {}
    }
  ],
  "references": [
    {
      "type": "ADVISORY",
      "url": "https://github.com/minio/console/security/advisories/GHSA-4999-659w-mq36"
    },
    {
      "type": "ADVISORY",
      "url": "https://nvd.nist.gov/vuln/detail/CVE-2021-41266"
    },
    {
      "type": "FIX",
      "url": "https://github.com/minio/console/pull/1217"
    }
  ],
  "database_specific": {
    "url": "https://pkg.go.dev/vuln/GO-2022-0261",
    "review_status": "UNREVIEWED"
  }
}