{
  "schema_version": "1.3.1",
  "id": "GO-2022-0547",
  "modified": "0001-01-01T00:00:00Z",
  "published": "0001-01-01T00:00:00Z",
  "aliases": [
    "CVE-2022-2385",
    "GHSA-pp3f-98qg-5g75"
  ],
  "summary": "aws-iam-authenticator allow-listed IAM identity may be able to modify their username, escalate privileges before v0.5.9 in sigs.k8s.io/aws-iam-authenticator",
  "details": "aws-iam-authenticator allow-listed IAM identity may be able to modify their username, escalate privileges before v0.5.9 in sigs.k8s.io/aws-iam-authenticator",
  "affected": [
    {
      "package": {
        "name": "sigs.k8s.io/aws-iam-authenticator",
        "ecosystem": "Go"
      },
      "ranges": [
        {
          "type": "SEMVER",
          "events": [
            {
              "introduced": "0"
            },
            {
              "fixed": "0.5.9"
            }
          ]
        }
      ],
      "ecosystem_specific": {}
    }
  ],
  "references": [
    {
      "type": "ADVISORY",
      "url": "https://github.com/advisories/GHSA-pp3f-98qg-5g75"
    },
    {
      "type": "ADVISORY",
      "url": "https://nvd.nist.gov/vuln/detail/CVE-2022-2385"
    },
    {
      "type": "WEB",
      "url": "https://github.com/kubernetes-sigs/aws-iam-authenticator/commit/029d1dcf2ec8d662d9b1c21260bb197404bc8218"
    },
    {
      "type": "WEB",
      "url": "https://github.com/kubernetes-sigs/aws-iam-authenticator/issues/472"
    },
    {
      "type": "WEB",
      "url": "https://github.com/kubernetes-sigs/aws-iam-authenticator/pull/469"
    },
    {
      "type": "WEB",
      "url": "https://github.com/kubernetes-sigs/aws-iam-authenticator/releases/tag/v0.5.9"
    },
    {
      "type": "WEB",
      "url": "https://groups.google.com/a/kubernetes.io/g/dev/c/EMxHpU-1ZYs"
    }
  ],
  "database_specific": {
    "url": "https://pkg.go.dev/vuln/GO-2022-0547",
    "review_status": "UNREVIEWED"
  }
}