{
  "schema_version": "1.3.1",
  "id": "GO-2022-0516",
  "modified": "0001-01-01T00:00:00Z",
  "published": "0001-01-01T00:00:00Z",
  "aliases": [
    "CVE-2022-1025",
    "GHSA-96jv-vj39-x4j6"
  ],
  "summary": "Argo CD improper access control bug can allow malicious user to escalate privileges to admin level in github.com/argoproj/argo-cd",
  "details": "Argo CD improper access control bug can allow malicious user to escalate privileges to admin level in github.com/argoproj/argo-cd",
  "affected": [
    {
      "package": {
        "name": "github.com/argoproj/argo-cd",
        "ecosystem": "Go"
      },
      "ranges": [
        {
          "type": "SEMVER",
          "events": [
            {
              "introduced": "0.5.0"
            }
          ]
        }
      ],
      "ecosystem_specific": {}
    },
    {
      "package": {
        "name": "github.com/argoproj/argo-cd/v2",
        "ecosystem": "Go"
      },
      "ranges": [
        {
          "type": "SEMVER",
          "events": [
            {
              "introduced": "0"
            },
            {
              "fixed": "2.1.14"
            },
            {
              "introduced": "2.2.0"
            },
            {
              "fixed": "2.2.8"
            },
            {
              "introduced": "2.3.0"
            },
            {
              "fixed": "2.3.2"
            }
          ]
        }
      ],
      "ecosystem_specific": {}
    }
  ],
  "references": [
    {
      "type": "ADVISORY",
      "url": "https://github.com/advisories/GHSA-96jv-vj39-x4j6"
    },
    {
      "type": "ADVISORY",
      "url": "https://nvd.nist.gov/vuln/detail/CVE-2022-1025"
    },
    {
      "type": "FIX",
      "url": "https://github.com/argoproj/argo-cd/commit/af03b291d4b7e9d3ce9a6580ae9c8141af0e05cf"
    },
    {
      "type": "WEB",
      "url": "https://access.redhat.com/errata/RHSA-2022:1039"
    },
    {
      "type": "WEB",
      "url": "https://access.redhat.com/errata/RHSA-2022:1040"
    },
    {
      "type": "WEB",
      "url": "https://access.redhat.com/errata/RHSA-2022:1041"
    },
    {
      "type": "WEB",
      "url": "https://access.redhat.com/errata/RHSA-2022:1042"
    },
    {
      "type": "WEB",
      "url": "https://access.redhat.com/security/cve/CVE-2022-1025"
    },
    {
      "type": "WEB",
      "url": "https://bugzilla.redhat.com/show_bug.cgi?id=2064682"
    },
    {
      "type": "WEB",
      "url": "https://github.com/argoproj/argo-cd/security/advisories/GHSA-2f5v-8r3f-8pww"
    }
  ],
  "database_specific": {
    "url": "https://pkg.go.dev/vuln/GO-2022-0516",
    "review_status": "UNREVIEWED"
  }
}