{
  "schema_version": "1.3.1",
  "id": "GO-2022-0861",
  "modified": "0001-01-01T00:00:00Z",
  "published": "0001-01-01T00:00:00Z",
  "aliases": [
    "CVE-2020-12758",
    "GHSA-q2qr-3c2p-9235"
  ],
  "summary": "Denial of Service (DoS) in HashiCorp Consul in github.com/hashicorp/consul",
  "details": "Denial of Service (DoS) in HashiCorp Consul in github.com/hashicorp/consul",
  "affected": [
    {
      "package": {
        "name": "github.com/hashicorp/consul",
        "ecosystem": "Go"
      },
      "ranges": [
        {
          "type": "SEMVER",
          "events": [
            {
              "introduced": "1.6.0-beta1"
            },
            {
              "fixed": "1.6.6"
            },
            {
              "introduced": "1.7.0"
            },
            {
              "fixed": "1.7.4"
            }
          ]
        }
      ],
      "ecosystem_specific": {}
    }
  ],
  "references": [
    {
      "type": "ADVISORY",
      "url": "https://github.com/advisories/GHSA-q2qr-3c2p-9235"
    },
    {
      "type": "ADVISORY",
      "url": "https://nvd.nist.gov/vuln/detail/CVE-2020-12758"
    },
    {
      "type": "FIX",
      "url": "https://github.com/hashicorp/consul/commit/69b44fb9424cfdc05f1b7243876ab10d236ef1fc"
    },
    {
      "type": "FIX",
      "url": "https://github.com/hashicorp/consul/pull/7783"
    },
    {
      "type": "WEB",
      "url": "https://github.com/hashicorp/consul/blob/v1.6.6/CHANGELOG.md"
    },
    {
      "type": "WEB",
      "url": "https://github.com/hashicorp/consul/blob/v1.7.4/CHANGELOG.md"
    }
  ],
  "database_specific": {
    "url": "https://pkg.go.dev/vuln/GO-2022-0861",
    "review_status": "UNREVIEWED"
  }
}