{
  "schema_version": "1.3.1",
  "id": "GO-2022-0612",
  "modified": "0001-01-01T00:00:00Z",
  "published": "0001-01-01T00:00:00Z",
  "aliases": [
    "CVE-2022-1928",
    "GHSA-ph3w-2843-72mx"
  ],
  "summary": "Stored Cross-site Scripting in gitea in code.gitea.io/gitea",
  "details": "Stored Cross-site Scripting in gitea in code.gitea.io/gitea",
  "affected": [
    {
      "package": {
        "name": "code.gitea.io/gitea",
        "ecosystem": "Go"
      },
      "ranges": [
        {
          "type": "SEMVER",
          "events": [
            {
              "introduced": "0"
            },
            {
              "fixed": "1.16.9"
            }
          ]
        }
      ],
      "ecosystem_specific": {}
    }
  ],
  "references": [
    {
      "type": "ADVISORY",
      "url": "https://github.com/advisories/GHSA-ph3w-2843-72mx"
    },
    {
      "type": "ADVISORY",
      "url": "https://nvd.nist.gov/vuln/detail/CVE-2022-1928"
    },
    {
      "type": "WEB",
      "url": "https://github.com/go-gitea/gitea"
    },
    {
      "type": "WEB",
      "url": "https://github.com/go-gitea/gitea/commit/65e0688a5c9dacad50e71024b7529fdf0e3c2e9c"
    },
    {
      "type": "WEB",
      "url": "https://github.com/go-gitea/gitea/pull/19825"
    },
    {
      "type": "WEB",
      "url": "https://huntr.dev/bounties/6336ec42-5c4d-4f61-ae38-2bb539f433d2"
    },
    {
      "type": "WEB",
      "url": "https://security.gentoo.org/glsa/202210-14"
    }
  ],
  "database_specific": {
    "url": "https://pkg.go.dev/vuln/GO-2022-0612",
    "review_status": "UNREVIEWED"
  }
}