{
  "schema_version": "1.3.1",
  "id": "GO-2022-0606",
  "modified": "0001-01-01T00:00:00Z",
  "published": "0001-01-01T00:00:00Z",
  "aliases": [
    "CVE-2022-24193",
    "GHSA-jh63-28gx-7p26"
  ],
  "summary": "Command Injection in CasaOS in github.com/IceWhaleTech/CasaOS",
  "details": "Command Injection in CasaOS in github.com/IceWhaleTech/CasaOS",
  "affected": [
    {
      "package": {
        "name": "github.com/IceWhaleTech/CasaOS",
        "ecosystem": "Go"
      },
      "ranges": [
        {
          "type": "SEMVER",
          "events": [
            {
              "introduced": "0"
            },
            {
              "fixed": "0.2.8"
            }
          ]
        }
      ],
      "ecosystem_specific": {}
    }
  ],
  "references": [
    {
      "type": "ADVISORY",
      "url": "https://github.com/advisories/GHSA-jh63-28gx-7p26"
    },
    {
      "type": "ADVISORY",
      "url": "https://nvd.nist.gov/vuln/detail/CVE-2022-24193"
    },
    {
      "type": "FIX",
      "url": "https://github.com/IceWhaleTech/CasaOS/commit/d060968b7ab08e7f8cbfe7ca9ccdfa47afe9bb06"
    },
    {
      "type": "REPORT",
      "url": "https://github.com/IceWhaleTech/CasaOS/issues/84"
    }
  ],
  "database_specific": {
    "url": "https://pkg.go.dev/vuln/GO-2022-0606",
    "review_status": "UNREVIEWED"
  }
}