{
  "schema_version": "1.3.1",
  "id": "GO-2022-0774",
  "modified": "0001-01-01T00:00:00Z",
  "published": "0001-01-01T00:00:00Z",
  "aliases": [
    "CVE-2019-20894",
    "GHSA-q9mp-79cp-9g8j"
  ],
  "summary": "Improper Authentication in github.com/containous/traefik",
  "details": "Improper Authentication in github.com/containous/traefik",
  "affected": [
    {
      "package": {
        "name": "github.com/containous/traefik",
        "ecosystem": "Go"
      },
      "ranges": [
        {
          "type": "SEMVER",
          "events": [
            {
              "introduced": "0"
            }
          ]
        }
      ],
      "ecosystem_specific": {}
    },
    {
      "package": {
        "name": "github.com/containous/traefik/v2",
        "ecosystem": "Go"
      },
      "ranges": [
        {
          "type": "SEMVER",
          "events": [
            {
              "introduced": "0"
            },
            {
              "fixed": "2.2.2"
            }
          ]
        }
      ],
      "ecosystem_specific": {}
    }
  ],
  "references": [
    {
      "type": "ADVISORY",
      "url": "https://github.com/advisories/GHSA-q9mp-79cp-9g8j"
    },
    {
      "type": "ADVISORY",
      "url": "https://nvd.nist.gov/vuln/detail/CVE-2019-20894"
    },
    {
      "type": "FIX",
      "url": "https://github.com/containous/traefik/commit/2b353971696717e980521b0e4baa1eba66c8d2bf"
    },
    {
      "type": "FIX",
      "url": "https://github.com/containous/traefik/pull/7008"
    },
    {
      "type": "REPORT",
      "url": "https://github.com/containous/traefik/issues/5312"
    }
  ],
  "database_specific": {
    "url": "https://pkg.go.dev/vuln/GO-2022-0774",
    "review_status": "UNREVIEWED"
  }
}