{
  "schema_version": "1.3.1",
  "id": "GO-2022-0840",
  "modified": "0001-01-01T00:00:00Z",
  "published": "0001-01-01T00:00:00Z",
  "aliases": [
    "CVE-2020-7218",
    "GHSA-h43v-26r7-7j4c"
  ],
  "summary": "Allocation of Resources Without Limits or Throttling in HashiCorp Nomad in github.com/hashicorp/nomad",
  "details": "Allocation of Resources Without Limits or Throttling in HashiCorp Nomad in github.com/hashicorp/nomad",
  "affected": [
    {
      "package": {
        "name": "github.com/hashicorp/nomad",
        "ecosystem": "Go"
      },
      "ranges": [
        {
          "type": "SEMVER",
          "events": [
            {
              "introduced": "0"
            },
            {
              "fixed": "0.10.3"
            }
          ]
        }
      ],
      "ecosystem_specific": {}
    }
  ],
  "references": [
    {
      "type": "ADVISORY",
      "url": "https://github.com/advisories/GHSA-h43v-26r7-7j4c"
    },
    {
      "type": "ADVISORY",
      "url": "https://nvd.nist.gov/vuln/detail/CVE-2020-7218"
    },
    {
      "type": "FIX",
      "url": "https://github.com/hashicorp/nomad/pull/7022"
    },
    {
      "type": "REPORT",
      "url": "https://github.com/hashicorp/nomad/issues/7002"
    },
    {
      "type": "WEB",
      "url": "https://www.hashicorp.com/blog/category/nomad"
    }
  ],
  "database_specific": {
    "url": "https://pkg.go.dev/vuln/GO-2022-0840",
    "review_status": "UNREVIEWED"
  }
}