{
  "schema_version": "1.3.1",
  "id": "GO-2022-0584",
  "modified": "0001-01-01T00:00:00Z",
  "published": "0001-01-01T00:00:00Z",
  "aliases": [
    "CVE-2022-24683",
    "GHSA-wmrx-57hm-mw7r"
  ],
  "summary": "Arbitrary file reads in HashiCorp Nomad in github.com/hashicorp/nomad",
  "details": "Arbitrary file reads in HashiCorp Nomad in github.com/hashicorp/nomad",
  "affected": [
    {
      "package": {
        "name": "github.com/hashicorp/nomad",
        "ecosystem": "Go"
      },
      "ranges": [
        {
          "type": "SEMVER",
          "events": [
            {
              "introduced": "0.9.2"
            },
            {
              "fixed": "1.0.18"
            },
            {
              "introduced": "1.1.0"
            },
            {
              "fixed": "1.1.12"
            },
            {
              "introduced": "1.2.0"
            },
            {
              "fixed": "1.2.6"
            }
          ]
        }
      ],
      "ecosystem_specific": {}
    }
  ],
  "references": [
    {
      "type": "ADVISORY",
      "url": "https://github.com/advisories/GHSA-wmrx-57hm-mw7r"
    },
    {
      "type": "ADVISORY",
      "url": "https://nvd.nist.gov/vuln/detail/CVE-2022-24683"
    },
    {
      "type": "FIX",
      "url": "https://github.com/hashicorp/nomad/commit/1aa46c3796e924b72eb45a7f02dae32df0c1179c"
    },
    {
      "type": "FIX",
      "url": "https://github.com/hashicorp/nomad/commit/b3c0e6a7a53d624003698b48b6c59739552c3721"
    },
    {
      "type": "FIX",
      "url": "https://github.com/hashicorp/nomad/commit/fcb3a5d016a3dfcc63efcdb567373735a0703279"
    },
    {
      "type": "WEB",
      "url": "https://discuss.hashicorp.com"
    },
    {
      "type": "WEB",
      "url": "https://discuss.hashicorp.com/t/hcsec-2022-02-nomad-alloc-filesystem-and-container-escape/35560"
    },
    {
      "type": "WEB",
      "url": "https://security.netapp.com/advisory/ntap-20220318-0008"
    }
  ],
  "database_specific": {
    "url": "https://pkg.go.dev/vuln/GO-2022-0584",
    "review_status": "UNREVIEWED"
  }
}