{
  "schema_version": "1.3.1",
  "id": "GO-2022-0649",
  "modified": "0001-01-01T00:00:00Z",
  "published": "0001-01-01T00:00:00Z",
  "aliases": [
    "CVE-2015-3627",
    "GHSA-g7v2-2qxx-wjrw"
  ],
  "summary": "Symlink Attack in Libcontainer and Docker Engine in github.com/docker/docker",
  "details": "Symlink Attack in Libcontainer and Docker Engine in github.com/docker/docker",
  "affected": [
    {
      "package": {
        "name": "github.com/docker/docker",
        "ecosystem": "Go"
      },
      "ranges": [
        {
          "type": "SEMVER",
          "events": [
            {
              "introduced": "0"
            },
            {
              "fixed": "1.6.1"
            }
          ]
        }
      ],
      "ecosystem_specific": {}
    }
  ],
  "references": [
    {
      "type": "ADVISORY",
      "url": "https://github.com/advisories/GHSA-g7v2-2qxx-wjrw"
    },
    {
      "type": "ADVISORY",
      "url": "https://nvd.nist.gov/vuln/detail/CVE-2015-3627"
    },
    {
      "type": "FIX",
      "url": "https://github.com/docker/docker/commit/d5ebb60bddbabea0439213501f4f6ed494b23cba"
    },
    {
      "type": "WEB",
      "url": "https://groups.google.com/forum/#%21searchin/docker-user/1.6.1/docker-user/47GZrihtr-4/nwgeOOFLexIJ"
    },
    {
      "type": "WEB",
      "url": "https://lists.opensuse.org/opensuse-updates/2015-05/msg00023.html"
    },
    {
      "type": "WEB",
      "url": "https://packetstormsecurity.com/files/131835/Docker-Privilege-Escalation-Information-Disclosure.html"
    },
    {
      "type": "WEB",
      "url": "https://seclists.org/fulldisclosure/2015/May/28"
    }
  ],
  "database_specific": {
    "url": "https://pkg.go.dev/vuln/GO-2022-0649",
    "review_status": "UNREVIEWED"
  }
}