{
  "schema_version": "1.3.1",
  "id": "GO-2022-0608",
  "modified": "0001-01-01T00:00:00Z",
  "published": "0001-01-01T00:00:00Z",
  "aliases": [
    "CVE-2022-0532",
    "GHSA-jqmc-79gx-7g8p"
  ],
  "summary": "Incorrect Permission Assignment for Critical Resource in CRI-O in github.com/cri-o/cri-o",
  "details": "Incorrect Permission Assignment for Critical Resource in CRI-O in github.com/cri-o/cri-o",
  "affected": [
    {
      "package": {
        "name": "github.com/cri-o/cri-o",
        "ecosystem": "Go"
      },
      "ranges": [
        {
          "type": "SEMVER",
          "events": [
            {
              "introduced": "0"
            },
            {
              "fixed": "1.23.1"
            }
          ]
        }
      ],
      "ecosystem_specific": {}
    }
  ],
  "references": [
    {
      "type": "ADVISORY",
      "url": "https://github.com/advisories/GHSA-jqmc-79gx-7g8p"
    },
    {
      "type": "ADVISORY",
      "url": "https://nvd.nist.gov/vuln/detail/CVE-2022-0532"
    },
    {
      "type": "FIX",
      "url": "https://github.com/cri-o/cri-o/pull/5610"
    },
    {
      "type": "WEB",
      "url": "https://bugzilla.redhat.com/show_bug.cgi?id=2051730"
    },
    {
      "type": "WEB",
      "url": "https://github.com/cri-o/cri-o/releases/tag/v1.23.1"
    },
    {
      "type": "WEB",
      "url": "https://kubernetes.io/docs/tasks/administer-cluster/sysctl-cluster/#enabling-unsafe-sysctls"
    }
  ],
  "database_specific": {
    "url": "https://pkg.go.dev/vuln/GO-2022-0608",
    "review_status": "UNREVIEWED"
  }
}