{
  "schema_version": "1.3.1",
  "id": "GO-2022-0620",
  "modified": "0001-01-01T00:00:00Z",
  "published": "0001-01-01T00:00:00Z",
  "aliases": [
    "CVE-2021-38553",
    "GHSA-23fq-q7hc-993r"
  ],
  "summary": "HashiCorp Vault underlying database had excessively broad filesystem permissions from v1.4.0 until v1.8.0 in github.com/hashicorp/vault",
  "details": "HashiCorp Vault underlying database had excessively broad filesystem permissions from v1.4.0 until v1.8.0 in github.com/hashicorp/vault",
  "affected": [
    {
      "package": {
        "name": "github.com/hashicorp/vault",
        "ecosystem": "Go"
      },
      "ranges": [
        {
          "type": "SEMVER",
          "events": [
            {
              "introduced": "1.4.0"
            },
            {
              "fixed": "1.8.0"
            }
          ]
        }
      ],
      "ecosystem_specific": {}
    }
  ],
  "references": [
    {
      "type": "ADVISORY",
      "url": "https://github.com/advisories/GHSA-23fq-q7hc-993r"
    },
    {
      "type": "ADVISORY",
      "url": "https://nvd.nist.gov/vuln/detail/CVE-2021-38553"
    },
    {
      "type": "WEB",
      "url": "https://discuss.hashicorp.com/t/hcsec-2021-20-vault-s-integrated-storage-backend-database-file-may-have-excessively-broad-permissions/28168"
    },
    {
      "type": "WEB",
      "url": "https://github.com/hashicorp/vault"
    },
    {
      "type": "WEB",
      "url": "https://security.gentoo.org/glsa/202207-01"
    }
  ],
  "database_specific": {
    "url": "https://pkg.go.dev/vuln/GO-2022-0620",
    "review_status": "UNREVIEWED"
  }
}