{
  "schema_version": "1.3.1",
  "id": "GO-2022-0306",
  "modified": "0001-01-01T00:00:00Z",
  "published": "0001-01-01T00:00:00Z",
  "aliases": [
    "CVE-2021-42583",
    "GHSA-5r5w-h76p-m726"
  ],
  "summary": "Use of a Broken or Risky Cryptographic Algorithm in Max Mazurov Maddy in github.com/foxcpp/maddy",
  "details": "Use of a Broken or Risky Cryptographic Algorithm in Max Mazurov Maddy in github.com/foxcpp/maddy",
  "affected": [
    {
      "package": {
        "name": "github.com/foxcpp/maddy",
        "ecosystem": "Go"
      },
      "ranges": [
        {
          "type": "SEMVER",
          "events": [
            {
              "introduced": "0"
            },
            {
              "fixed": "0.5.2"
            }
          ]
        }
      ],
      "ecosystem_specific": {}
    }
  ],
  "references": [
    {
      "type": "ADVISORY",
      "url": "https://github.com/advisories/GHSA-5r5w-h76p-m726"
    },
    {
      "type": "ADVISORY",
      "url": "https://nvd.nist.gov/vuln/detail/CVE-2021-42583"
    },
    {
      "type": "WEB",
      "url": "https://github.com/foxcpp/maddy/blob/df40dce1284cd0fd0a9e8e7894029553d653d0a5/internal/auth/shadow/verify.go"
    },
    {
      "type": "WEB",
      "url": "https://github.com/foxcpp/maddy/releases/tag/v0.5.2"
    }
  ],
  "database_specific": {
    "url": "https://pkg.go.dev/vuln/GO-2022-0306",
    "review_status": "UNREVIEWED"
  }
}