{
  "schema_version": "1.3.1",
  "id": "GO-2022-0705",
  "modified": "0001-01-01T00:00:00Z",
  "published": "0001-01-01T00:00:00Z",
  "aliases": [
    "CVE-2014-9358",
    "GHSA-qmmc-jppf-32wv"
  ],
  "summary": "Directory Traversal in Docker in github.com/docker/docker",
  "details": "Directory Traversal in Docker in github.com/docker/docker",
  "affected": [
    {
      "package": {
        "name": "github.com/docker/docker",
        "ecosystem": "Go"
      },
      "ranges": [
        {
          "type": "SEMVER",
          "events": [
            {
              "introduced": "0"
            },
            {
              "fixed": "1.3.2"
            }
          ]
        }
      ],
      "ecosystem_specific": {}
    }
  ],
  "references": [
    {
      "type": "ADVISORY",
      "url": "https://github.com/advisories/GHSA-qmmc-jppf-32wv"
    },
    {
      "type": "ADVISORY",
      "url": "https://nvd.nist.gov/vuln/detail/CVE-2014-9358"
    },
    {
      "type": "WEB",
      "url": "https://access.redhat.com/security/cve/cve-2014-9358"
    },
    {
      "type": "WEB",
      "url": "https://groups.google.com/forum/#%21msg/docker-user/nFAz-B-n4Bw/0wr3wvLsnUwJ"
    },
    {
      "type": "WEB",
      "url": "https://groups.google.com/g/docker-user/c/nFAz-B-n4Bw/m/0wr3wvLsnUwJ"
    },
    {
      "type": "WEB",
      "url": "https://web.nvd.nist.gov/view/vuln/detail?vulnId=CVE-2014-9358"
    }
  ],
  "database_specific": {
    "url": "https://pkg.go.dev/vuln/GO-2022-0705",
    "review_status": "UNREVIEWED"
  }
}