{
  "schema_version": "1.3.1",
  "id": "GO-2022-0407",
  "modified": "0001-01-01T00:00:00Z",
  "published": "0001-01-01T00:00:00Z",
  "aliases": [
    "GHSA-qmfx-75ff-8mw6"
  ],
  "summary": "Listing of upload directory contents possible in github.com/ThomasLeister/prosody-filer",
  "details": "Listing of upload directory contents possible in github.com/ThomasLeister/prosody-filer",
  "affected": [
    {
      "package": {
        "name": "github.com/ThomasLeister/prosody-filer",
        "ecosystem": "Go"
      },
      "ranges": [
        {
          "type": "SEMVER",
          "events": [
            {
              "introduced": "0"
            },
            {
              "fixed": "1.0.1"
            }
          ]
        }
      ],
      "ecosystem_specific": {}
    }
  ],
  "references": [
    {
      "type": "ADVISORY",
      "url": "https://github.com/ThomasLeister/prosody-filer/security/advisories/GHSA-qmfx-75ff-8mw6"
    }
  ],
  "database_specific": {
    "url": "https://pkg.go.dev/vuln/GO-2022-0407",
    "review_status": "UNREVIEWED"
  }
}