{
  "schema_version": "1.3.1",
  "id": "GO-2022-0759",
  "modified": "0001-01-01T00:00:00Z",
  "published": "0001-01-01T00:00:00Z",
  "aliases": [
    "CVE-2022-35930",
    "GHSA-739f-hw6h-7wq8"
  ],
  "summary": "PolicyController before 0.2.1 may bypass attestation verification in github.com/sigstore/policy-controller",
  "details": "PolicyController before 0.2.1 may bypass attestation verification in github.com/sigstore/policy-controller",
  "affected": [
    {
      "package": {
        "name": "github.com/sigstore/policy-controller",
        "ecosystem": "Go"
      },
      "ranges": [
        {
          "type": "SEMVER",
          "events": [
            {
              "introduced": "0"
            },
            {
              "fixed": "0.2.1"
            }
          ]
        }
      ],
      "ecosystem_specific": {}
    }
  ],
  "references": [
    {
      "type": "ADVISORY",
      "url": "https://github.com/sigstore/policy-controller/security/advisories/GHSA-739f-hw6h-7wq8"
    },
    {
      "type": "ADVISORY",
      "url": "https://nvd.nist.gov/vuln/detail/CVE-2022-35930"
    },
    {
      "type": "FIX",
      "url": "https://github.com/sigstore/policy-controller/commit/e852af36fb7d42678b21d7e97503c25bd1fd05c8"
    },
    {
      "type": "WEB",
      "url": "https://github.com/sigstore/policy-controller/releases/tag/v0.2.1"
    }
  ],
  "database_specific": {
    "url": "https://pkg.go.dev/vuln/GO-2022-0759",
    "review_status": "UNREVIEWED"
  }
}