{
  "schema_version": "1.3.1",
  "id": "GO-2022-0703",
  "modified": "0001-01-01T00:00:00Z",
  "published": "0001-01-01T00:00:00Z",
  "aliases": [
    "CVE-2019-11253",
    "GHSA-pmqp-h87c-mr78"
  ],
  "summary": "XML Entity Expansion and Improper Input Validation in Kubernetes API server in k8s.io/kubernetes",
  "details": "XML Entity Expansion and Improper Input Validation in Kubernetes API server in k8s.io/kubernetes",
  "affected": [
    {
      "package": {
        "name": "k8s.io/kubernetes",
        "ecosystem": "Go"
      },
      "ranges": [
        {
          "type": "SEMVER",
          "events": [
            {
              "introduced": "1.0.0"
            },
            {
              "fixed": "1.13.12"
            },
            {
              "introduced": "1.14.0"
            },
            {
              "fixed": "1.14.8"
            },
            {
              "introduced": "1.15.0"
            },
            {
              "fixed": "1.15.5"
            },
            {
              "introduced": "1.16.0"
            },
            {
              "fixed": "1.16.2"
            }
          ]
        }
      ],
      "ecosystem_specific": {}
    }
  ],
  "references": [
    {
      "type": "ADVISORY",
      "url": "https://github.com/advisories/GHSA-pmqp-h87c-mr78"
    },
    {
      "type": "WEB",
      "url": "https://access.redhat.com/errata/RHSA-2019:3239"
    },
    {
      "type": "WEB",
      "url": "https://access.redhat.com/errata/RHSA-2019:3811"
    },
    {
      "type": "WEB",
      "url": "https://access.redhat.com/errata/RHSA-2019:3905"
    },
    {
      "type": "WEB",
      "url": "https://gist.github.com/bgeesaman/0e0349e94cd22c48bf14d8a9b7d6b8f2"
    },
    {
      "type": "WEB",
      "url": "https://github.com/kubernetes/kubernetes/issues/83253"
    },
    {
      "type": "WEB",
      "url": "https://github.com/kubernetes/kubernetes/pull/83261"
    },
    {
      "type": "WEB",
      "url": "https://groups.google.com/forum/#!topic/kubernetes-security-announce/jk8polzSUxs"
    },
    {
      "type": "WEB",
      "url": "https://security.netapp.com/advisory/ntap-20191031-0006"
    }
  ],
  "database_specific": {
    "url": "https://pkg.go.dev/vuln/GO-2022-0703",
    "review_status": "REVIEWED"
  }
}