{
  "schema_version": "1.3.1",
  "id": "GO-2022-0640",
  "modified": "0001-01-01T00:00:00Z",
  "published": "0001-01-01T00:00:00Z",
  "aliases": [
    "CVE-2014-9357",
    "GHSA-997c-fj8j-rq5h"
  ],
  "summary": "Arbitrary Code Execution in github.com/docker/docker",
  "details": "Arbitrary Code Execution in github.com/docker/docker",
  "affected": [
    {
      "package": {
        "name": "github.com/docker/docker",
        "ecosystem": "Go"
      },
      "ranges": [
        {
          "type": "SEMVER",
          "events": [
            {
              "introduced": "0"
            },
            {
              "fixed": "1.3.3"
            }
          ]
        }
      ],
      "ecosystem_specific": {}
    }
  ],
  "references": [
    {
      "type": "ADVISORY",
      "url": "https://github.com/advisories/GHSA-997c-fj8j-rq5h"
    },
    {
      "type": "ADVISORY",
      "url": "https://nvd.nist.gov/vuln/detail/CVE-2014-9357"
    },
    {
      "type": "WEB",
      "url": "https://github.com/docker/docker/compare/aef842e7dfb534aba22c3c911de525ce9ac12b72...313a1b7620910e47d888f8b0a6a5eb06ad9c1ff2"
    },
    {
      "type": "WEB",
      "url": "https://groups.google.com/forum/#%21msg/docker-user/nFAz-B-n4Bw/0wr3wvLsnUwJ"
    },
    {
      "type": "WEB",
      "url": "https://groups.google.com/g/docker-user/c/nFAz-B-n4Bw/m/0wr3wvLsnUwJ"
    },
    {
      "type": "WEB",
      "url": "https://web.nvd.nist.gov/view/vuln/detail?vulnId=CVE-2014-9357"
    }
  ],
  "database_specific": {
    "url": "https://pkg.go.dev/vuln/GO-2022-0640",
    "review_status": "UNREVIEWED"
  }
}