{
  "schema_version": "1.3.1",
  "id": "GO-2022-0792",
  "modified": "0001-01-01T00:00:00Z",
  "published": "0001-01-01T00:00:00Z",
  "aliases": [
    "CVE-2018-1002105",
    "GHSA-579h-mv94-g4gp"
  ],
  "summary": "Privilege Escalation in Kubernetes in github.com/kubernetes/kubernetes",
  "details": "Privilege Escalation in Kubernetes in github.com/kubernetes/kubernetes",
  "affected": [
    {
      "package": {
        "name": "github.com/kubernetes/kubernetes",
        "ecosystem": "Go"
      },
      "ranges": [
        {
          "type": "SEMVER",
          "events": [
            {
              "introduced": "0"
            },
            {
              "fixed": "1.10.11"
            },
            {
              "introduced": "1.11.0"
            },
            {
              "fixed": "1.11.5"
            },
            {
              "introduced": "1.12.0"
            },
            {
              "fixed": "1.12.3"
            }
          ]
        }
      ],
      "ecosystem_specific": {}
    }
  ],
  "references": [
    {
      "type": "ADVISORY",
      "url": "https://github.com/advisories/GHSA-579h-mv94-g4gp"
    },
    {
      "type": "ADVISORY",
      "url": "https://nvd.nist.gov/vuln/detail/CVE-2018-1002105"
    },
    {
      "type": "FIX",
      "url": "https://github.com/kubernetes/kubernetes/commit/2257c1ecbe3c0cf71dd50b82752ae189c94ec905"
    },
    {
      "type": "REPORT",
      "url": "https://github.com/kubernetes/kubernetes/issues/71411"
    },
    {
      "type": "WEB",
      "url": "https://access.redhat.com/errata/RHSA-2018:3537"
    },
    {
      "type": "WEB",
      "url": "https://access.redhat.com/errata/RHSA-2018:3549"
    },
    {
      "type": "WEB",
      "url": "https://access.redhat.com/errata/RHSA-2018:3551"
    },
    {
      "type": "WEB",
      "url": "https://access.redhat.com/errata/RHSA-2018:3598"
    },
    {
      "type": "WEB",
      "url": "https://access.redhat.com/errata/RHSA-2018:3624"
    },
    {
      "type": "WEB",
      "url": "https://access.redhat.com/errata/RHSA-2018:3752"
    },
    {
      "type": "WEB",
      "url": "https://access.redhat.com/errata/RHSA-2018:3754"
    },
    {
      "type": "WEB",
      "url": "https://github.com/evict/poc_CVE-2018-1002105"
    },
    {
      "type": "WEB",
      "url": "https://groups.google.com/forum/#!topic/kubernetes-announce/GVllWCg6L88"
    },
    {
      "type": "WEB",
      "url": "https://lists.opensuse.org/opensuse-security-announce/2020-04/msg00041.html"
    },
    {
      "type": "WEB",
      "url": "https://security.netapp.com/advisory/ntap-20190416-0001"
    },
    {
      "type": "WEB",
      "url": "https://www.coalfire.com/The-Coalfire-Blog/December-2018/Kubernetes-Vulnerability-What-You-Can-Should-Do"
    },
    {
      "type": "WEB",
      "url": "https://www.exploit-db.com/exploits/46052"
    },
    {
      "type": "WEB",
      "url": "https://www.exploit-db.com/exploits/46053"
    },
    {
      "type": "WEB",
      "url": "https://www.openwall.com/lists/oss-security/2019/06/28/2"
    },
    {
      "type": "WEB",
      "url": "https://www.openwall.com/lists/oss-security/2019/07/06/3"
    },
    {
      "type": "WEB",
      "url": "https://www.openwall.com/lists/oss-security/2019/07/06/4"
    }
  ],
  "database_specific": {
    "url": "https://pkg.go.dev/vuln/GO-2022-0792",
    "review_status": "UNREVIEWED"
  }
}