{
  "schema_version": "1.3.1",
  "id": "GO-2022-0876",
  "modified": "0001-01-01T00:00:00Z",
  "published": "0001-01-01T00:00:00Z",
  "aliases": [
    "CVE-2019-19025",
    "GHSA-gcqm-v682-ccw6",
    "GHSA-rffr-c932-cpxv"
  ],
  "summary": "Cross-site Request Forgery (CSRF) in Cloud Native Computing Foundation Harbor in github.com/goharbor/harbor",
  "details": "Cross-site Request Forgery (CSRF) in Cloud Native Computing Foundation Harbor in github.com/goharbor/harbor",
  "affected": [
    {
      "package": {
        "name": "github.com/goharbor/harbor",
        "ecosystem": "Go"
      },
      "ranges": [
        {
          "type": "SEMVER",
          "events": [
            {
              "introduced": "1.7.0"
            },
            {
              "fixed": "1.8.6"
            },
            {
              "introduced": "1.9.0"
            },
            {
              "fixed": "1.9.3"
            }
          ]
        }
      ],
      "ecosystem_specific": {}
    }
  ],
  "references": [
    {
      "type": "ADVISORY",
      "url": "https://github.com/advisories/GHSA-rffr-c932-cpxv"
    },
    {
      "type": "ADVISORY",
      "url": "https://github.com/goharbor/harbor/security/advisories/GHSA-gcqm-v682-ccw6"
    },
    {
      "type": "ADVISORY",
      "url": "https://nvd.nist.gov/vuln/detail/CVE-2019-19025"
    },
    {
      "type": "WEB",
      "url": "https://github.com/goharbor/harbor/security/advisories"
    },
    {
      "type": "WEB",
      "url": "https://tanzu.vmware.com/security/cve-2019-19025"
    }
  ],
  "database_specific": {
    "url": "https://pkg.go.dev/vuln/GO-2022-0876",
    "review_status": "UNREVIEWED"
  }
}