{
  "schema_version": "1.3.1",
  "id": "GO-2022-0834",
  "modified": "0001-01-01T00:00:00Z",
  "published": "0001-01-01T00:00:00Z",
  "aliases": [
    "CVE-2020-10750",
    "GHSA-gh32-pc56-4c96"
  ],
  "summary": "Information Exposure in jaeger in github.com/jaegertracing/jaeger",
  "details": "Information Exposure in jaeger in github.com/jaegertracing/jaeger",
  "affected": [
    {
      "package": {
        "name": "github.com/jaegertracing/jaeger",
        "ecosystem": "Go"
      },
      "ranges": [
        {
          "type": "SEMVER",
          "events": [
            {
              "introduced": "0"
            },
            {
              "fixed": "1.18.1"
            }
          ]
        }
      ],
      "ecosystem_specific": {}
    }
  ],
  "references": [
    {
      "type": "ADVISORY",
      "url": "https://github.com/advisories/GHSA-gh32-pc56-4c96"
    },
    {
      "type": "ADVISORY",
      "url": "https://nvd.nist.gov/vuln/detail/CVE-2020-10750"
    },
    {
      "type": "FIX",
      "url": "https://github.com/jaegertracing/jaeger/commit/360c38bec3f9718ebba7ddbf0b409b05995f3ace"
    },
    {
      "type": "WEB",
      "url": "https://bugzilla.redhat.com/show_bug.cgi?id=1838401"
    },
    {
      "type": "WEB",
      "url": "https://bugzilla.redhat.com/show_bug.cgi?id=CVE-2020-10750"
    },
    {
      "type": "WEB",
      "url": "https://github.com/jaegertracing/jaeger/releases/tag/v1.18.1"
    }
  ],
  "database_specific": {
    "url": "https://pkg.go.dev/vuln/GO-2022-0834",
    "review_status": "UNREVIEWED"
  }
}