{
  "schema_version": "1.3.1",
  "id": "GO-2022-0787",
  "modified": "0001-01-01T00:00:00Z",
  "published": "0001-01-01T00:00:00Z",
  "aliases": [
    "CVE-2020-26277",
    "GHSA-47wr-426j-fr82"
  ],
  "summary": "Symbolic links in an unpacking routine may enable attackers to read and/or write to arbitrary locations in dbdeployer in github.com/datacharmer/dbdeployer",
  "details": "Symbolic links in an unpacking routine may enable attackers to read and/or write to arbitrary locations in dbdeployer in github.com/datacharmer/dbdeployer",
  "affected": [
    {
      "package": {
        "name": "github.com/datacharmer/dbdeployer",
        "ecosystem": "Go"
      },
      "ranges": [
        {
          "type": "SEMVER",
          "events": [
            {
              "introduced": "0"
            },
            {
              "fixed": "1.58.2"
            }
          ]
        }
      ],
      "ecosystem_specific": {}
    }
  ],
  "references": [
    {
      "type": "ADVISORY",
      "url": "https://github.com/datacharmer/dbdeployer/security/advisories/GHSA-47wr-426j-fr82"
    },
    {
      "type": "ADVISORY",
      "url": "https://nvd.nist.gov/vuln/detail/CVE-2020-26277"
    },
    {
      "type": "FIX",
      "url": "https://github.com/datacharmer/dbdeployer/commit/548e256c1de2f99746e861454e7714ec6bc9bb10"
    }
  ],
  "database_specific": {
    "url": "https://pkg.go.dev/vuln/GO-2022-0787",
    "review_status": "UNREVIEWED"
  }
}