{
  "schema_version": "1.3.1",
  "id": "GO-2022-0473",
  "modified": "0001-01-01T00:00:00Z",
  "published": "0001-01-01T00:00:00Z",
  "aliases": [
    "GHSA-pj96-4jhv-v792"
  ],
  "summary": "Cross site scripting via cookies in gogs in gogs.io/gogs",
  "details": "Cross site scripting via cookies in gogs in gogs.io/gogs",
  "affected": [
    {
      "package": {
        "name": "gogs.io/gogs",
        "ecosystem": "Go"
      },
      "ranges": [
        {
          "type": "SEMVER",
          "events": [
            {
              "introduced": "0"
            },
            {
              "fixed": "0.12.8"
            }
          ]
        }
      ],
      "ecosystem_specific": {}
    }
  ],
  "references": [
    {
      "type": "ADVISORY",
      "url": "https://github.com/gogs/gogs/security/advisories/GHSA-pj96-4jhv-v792"
    },
    {
      "type": "WEB",
      "url": "https://github.com/gogs/gogs/issues/6953"
    }
  ],
  "database_specific": {
    "url": "https://pkg.go.dev/vuln/GO-2022-0473",
    "review_status": "UNREVIEWED"
  }
}