{
  "schema_version": "1.3.1",
  "id": "GO-2022-0406",
  "modified": "0001-01-01T00:00:00Z",
  "published": "0001-01-01T00:00:00Z",
  "aliases": [
    "GHSA-qvp4-rpmr-xwrr"
  ],
  "summary": "Possible bypass of token claim validation when OAuth2 Introspection caching is enabled in github.com/ory/oathkeeper",
  "details": "Possible bypass of token claim validation when OAuth2 Introspection caching is enabled in github.com/ory/oathkeeper",
  "affected": [
    {
      "package": {
        "name": "github.com/ory/oathkeeper",
        "ecosystem": "Go"
      },
      "ranges": [
        {
          "type": "SEMVER",
          "events": [
            {
              "introduced": "0.38.0-beta.2"
            },
            {
              "fixed": "0.38.12-beta.1"
            }
          ]
        }
      ],
      "ecosystem_specific": {}
    }
  ],
  "references": [
    {
      "type": "ADVISORY",
      "url": "https://github.com/ory/oathkeeper/security/advisories/GHSA-qvp4-rpmr-xwrr"
    }
  ],
  "database_specific": {
    "url": "https://pkg.go.dev/vuln/GO-2022-0406",
    "review_status": "UNREVIEWED"
  }
}