{
  "schema_version": "1.3.1",
  "id": "GO-2022-0498",
  "modified": "0001-01-01T00:00:00Z",
  "published": "0001-01-01T00:00:00Z",
  "aliases": [
    "CVE-2022-31035",
    "GHSA-h4w9-6x78-8vrj"
  ],
  "summary": "Argo CD's external URLs for Deployments can include JavaScript in github.com/argoproj/argo-cd",
  "details": "Argo CD's external URLs for Deployments can include JavaScript in github.com/argoproj/argo-cd",
  "affected": [
    {
      "package": {
        "name": "github.com/argoproj/argo-cd",
        "ecosystem": "Go"
      },
      "ranges": [
        {
          "type": "SEMVER",
          "events": [
            {
              "introduced": "1.0.0"
            }
          ]
        }
      ],
      "ecosystem_specific": {}
    },
    {
      "package": {
        "name": "github.com/argoproj/argo-cd/v2",
        "ecosystem": "Go"
      },
      "ranges": [
        {
          "type": "SEMVER",
          "events": [
            {
              "introduced": "0"
            },
            {
              "fixed": "2.1.16"
            },
            {
              "introduced": "2.2.0"
            },
            {
              "fixed": "2.2.10"
            },
            {
              "introduced": "2.3.0"
            },
            {
              "fixed": "2.3.5"
            },
            {
              "introduced": "2.4.0"
            },
            {
              "fixed": "2.4.1"
            }
          ]
        }
      ],
      "ecosystem_specific": {}
    }
  ],
  "references": [
    {
      "type": "ADVISORY",
      "url": "https://github.com/argoproj/argo-cd/security/advisories/GHSA-h4w9-6x78-8vrj"
    },
    {
      "type": "ADVISORY",
      "url": "https://nvd.nist.gov/vuln/detail/CVE-2022-31035"
    },
    {
      "type": "FIX",
      "url": "https://github.com/argoproj/argo-cd/commit/8bc3ef690de29c68a36f473908774346a44d4038"
    },
    {
      "type": "WEB",
      "url": "https://argo-cd.readthedocs.io/en/stable/user-guide/external-url"
    }
  ],
  "database_specific": {
    "url": "https://pkg.go.dev/vuln/GO-2022-0498",
    "review_status": "UNREVIEWED"
  }
}