{
  "schema_version": "1.3.1",
  "id": "GO-2022-0556",
  "modified": "0001-01-01T00:00:00Z",
  "published": "0001-01-01T00:00:00Z",
  "aliases": [
    "CVE-2022-1986",
    "GHSA-67mx-jc2f-jgjm"
  ],
  "summary": "OS Command Injection in file editor in Gogs in gogs.io/gogs",
  "details": "OS Command Injection in file editor in Gogs in gogs.io/gogs",
  "affected": [
    {
      "package": {
        "name": "gogs.io/gogs",
        "ecosystem": "Go"
      },
      "ranges": [
        {
          "type": "SEMVER",
          "events": [
            {
              "introduced": "0"
            },
            {
              "fixed": "0.12.9"
            }
          ]
        }
      ],
      "ecosystem_specific": {}
    }
  ],
  "references": [
    {
      "type": "ADVISORY",
      "url": "https://github.com/gogs/gogs/security/advisories/GHSA-67mx-jc2f-jgjm"
    },
    {
      "type": "ADVISORY",
      "url": "https://nvd.nist.gov/vuln/detail/CVE-2022-1986"
    },
    {
      "type": "WEB",
      "url": "https://github.com/gogs/gogs/blob/f36eeedbf89328ee70cc3a2e239f6314f9021f58/conf/app.ini#L127-L129"
    },
    {
      "type": "WEB",
      "url": "https://github.com/gogs/gogs/commit/38aff73251cc46ced96dd608dab6190415032a82"
    },
    {
      "type": "WEB",
      "url": "https://huntr.dev/bounties/776e8f29-ff5e-4501-bb9f-0bd335007930"
    }
  ],
  "database_specific": {
    "url": "https://pkg.go.dev/vuln/GO-2022-0556",
    "review_status": "UNREVIEWED"
  }
}