{
  "schema_version": "1.3.1",
  "id": "GO-2022-0329",
  "modified": "0001-01-01T00:00:00Z",
  "published": "0001-01-01T00:00:00Z",
  "aliases": [
    "CVE-2022-23652",
    "GHSA-9cwv-cppx-mqjm"
  ],
  "summary": "Improper Authentication in Capsule Proxy in github.com/clastix/capsule-proxy",
  "details": "Improper Authentication in Capsule Proxy in github.com/clastix/capsule-proxy",
  "affected": [
    {
      "package": {
        "name": "github.com/clastix/capsule-proxy",
        "ecosystem": "Go"
      },
      "ranges": [
        {
          "type": "SEMVER",
          "events": [
            {
              "introduced": "0"
            },
            {
              "fixed": "0.2.1"
            }
          ]
        }
      ],
      "ecosystem_specific": {}
    }
  ],
  "references": [
    {
      "type": "ADVISORY",
      "url": "https://github.com/clastix/capsule-proxy/security/advisories/GHSA-9cwv-cppx-mqjm"
    },
    {
      "type": "ADVISORY",
      "url": "https://nvd.nist.gov/vuln/detail/CVE-2022-23652"
    },
    {
      "type": "FIX",
      "url": "https://github.com/clastix/capsule-proxy/commit/efe91f68ebf8a9e3d21491dc57da7b8a746415d8"
    },
    {
      "type": "REPORT",
      "url": "https://github.com/clastix/capsule-proxy/issues/188"
    },
    {
      "type": "WEB",
      "url": "https://github.com/clastix/capsule-proxy"
    }
  ],
  "database_specific": {
    "url": "https://pkg.go.dev/vuln/GO-2022-0329",
    "review_status": "UNREVIEWED"
  }
}