{
  "schema_version": "1.3.1",
  "id": "GO-2022-0295",
  "modified": "0001-01-01T00:00:00Z",
  "published": "0001-01-01T00:00:00Z",
  "aliases": [
    "CVE-2022-21646",
    "GHSA-7p8f-8hjm-wm92"
  ],
  "summary": "Lookup operations do not take into account wildcards in SpiceDB in github.com/authzed/spicedb",
  "details": "Lookup operations do not take into account wildcards in SpiceDB in github.com/authzed/spicedb",
  "affected": [
    {
      "package": {
        "name": "github.com/authzed/spicedb",
        "ecosystem": "Go"
      },
      "ranges": [
        {
          "type": "SEMVER",
          "events": [
            {
              "introduced": "1.3.0"
            },
            {
              "fixed": "1.4.0"
            }
          ]
        }
      ],
      "ecosystem_specific": {}
    }
  ],
  "references": [
    {
      "type": "ADVISORY",
      "url": "https://github.com/authzed/spicedb/security/advisories/GHSA-7p8f-8hjm-wm92"
    },
    {
      "type": "ADVISORY",
      "url": "https://nvd.nist.gov/vuln/detail/CVE-2022-21646"
    },
    {
      "type": "FIX",
      "url": "https://github.com/authzed/spicedb/commit/15bba2e2d2a4bda336a37a7fe8ef8a35028cd970"
    },
    {
      "type": "REPORT",
      "url": "https://github.com/authzed/spicedb/issues/358"
    },
    {
      "type": "WEB",
      "url": "https://github.com/authzed/spicedb/releases/tag/v1.4.0"
    }
  ],
  "database_specific": {
    "url": "https://pkg.go.dev/vuln/GO-2022-0295",
    "review_status": "UNREVIEWED"
  }
}