{
  "schema_version": "1.3.1",
  "id": "GO-2022-0636",
  "modified": "0001-01-01T00:00:00Z",
  "published": "0001-01-01T00:00:00Z",
  "aliases": [
    "CVE-2014-5277",
    "GHSA-8w94-cf6g-c8mg"
  ],
  "summary": "Man-in-the-Middle (MitM) in github.com/docker/docker",
  "details": "Man-in-the-Middle (MitM) in github.com/docker/docker",
  "affected": [
    {
      "package": {
        "name": "github.com/docker/docker",
        "ecosystem": "Go"
      },
      "ranges": [
        {
          "type": "SEMVER",
          "events": [
            {
              "introduced": "0"
            },
            {
              "fixed": "1.3.1"
            }
          ]
        }
      ],
      "ecosystem_specific": {}
    }
  ],
  "references": [
    {
      "type": "ADVISORY",
      "url": "https://github.com/advisories/GHSA-8w94-cf6g-c8mg"
    },
    {
      "type": "ADVISORY",
      "url": "https://nvd.nist.gov/vuln/detail/CVE-2014-5277"
    },
    {
      "type": "FIX",
      "url": "https://github.com/docker/docker/commit/8caacb18f8019dfda30d79c327397e5f5783c068"
    },
    {
      "type": "WEB",
      "url": "http://lists.opensuse.org/opensuse-updates/2014-11/msg00048.html"
    },
    {
      "type": "WEB",
      "url": "https://groups.google.com/forum/#!topic/docker-user/oYm0i3xShJU"
    },
    {
      "type": "WEB",
      "url": "https://groups.google.com/forum/#%21topic/docker-user/oYm0i3xShJU"
    },
    {
      "type": "WEB",
      "url": "https://web.nvd.nist.gov/view/vuln/detail?vulnId=CVE-2014-5277"
    }
  ],
  "database_specific": {
    "url": "https://pkg.go.dev/vuln/GO-2022-0636",
    "review_status": "UNREVIEWED"
  }
}