{
  "schema_version": "1.3.1",
  "id": "GO-2022-0871",
  "modified": "0001-01-01T00:00:00Z",
  "published": "0001-01-01T00:00:00Z",
  "aliases": [
    "CVE-2018-16733",
    "GHSA-qr2j-wrhx-4829"
  ],
  "summary": "Go Ethereum Improper Input Validation in github.com/ethereum/go-ethereum",
  "details": "Go Ethereum Improper Input Validation in github.com/ethereum/go-ethereum",
  "affected": [
    {
      "package": {
        "name": "github.com/ethereum/go-ethereum",
        "ecosystem": "Go"
      },
      "ranges": [
        {
          "type": "SEMVER",
          "events": [
            {
              "introduced": "0"
            },
            {
              "fixed": "1.8.14"
            }
          ]
        }
      ],
      "ecosystem_specific": {}
    }
  ],
  "references": [
    {
      "type": "ADVISORY",
      "url": "https://github.com/advisories/GHSA-qr2j-wrhx-4829"
    },
    {
      "type": "FIX",
      "url": "https://github.com/ethereum/go-ethereum/commit/106d196ec4a6451efedc60ab15957f231fa85639"
    }
  ],
  "database_specific": {
    "url": "https://pkg.go.dev/vuln/GO-2022-0871",
    "review_status": "REVIEWED"
  }
}