{
  "schema_version": "1.3.1",
  "id": "GO-2022-0363",
  "modified": "0001-01-01T00:00:00Z",
  "published": "0001-01-01T00:00:00Z",
  "aliases": [
    "GHSA-w2j5-3rcx-vx7x"
  ],
  "summary": "Sysctls applied to containers with host IPC or host network namespaces can affect the host in github.com/cri-o/cri-o",
  "details": "Sysctls applied to containers with host IPC or host network namespaces can affect the host in github.com/cri-o/cri-o",
  "affected": [
    {
      "package": {
        "name": "github.com/cri-o/cri-o",
        "ecosystem": "Go"
      },
      "ranges": [
        {
          "type": "SEMVER",
          "events": [
            {
              "introduced": "1.18.0"
            },
            {
              "fixed": "1.19.5"
            },
            {
              "introduced": "1.20.0"
            },
            {
              "fixed": "1.20.6"
            },
            {
              "introduced": "1.21.0"
            },
            {
              "fixed": "1.21.5"
            },
            {
              "introduced": "1.22.0"
            },
            {
              "fixed": "1.22.2"
            },
            {
              "introduced": "1.23.0"
            },
            {
              "fixed": "1.23.1"
            }
          ]
        }
      ],
      "ecosystem_specific": {}
    }
  ],
  "references": [
    {
      "type": "ADVISORY",
      "url": "https://github.com/cri-o/cri-o/security/advisories/GHSA-w2j5-3rcx-vx7x"
    }
  ],
  "database_specific": {
    "url": "https://pkg.go.dev/vuln/GO-2022-0363",
    "review_status": "UNREVIEWED"
  }
}