{
  "schema_version": "1.3.1",
  "id": "GO-2022-0845",
  "modified": "0001-01-01T00:00:00Z",
  "published": "0001-01-01T00:00:00Z",
  "aliases": [
    "CVE-2020-24356",
    "GHSA-hgwp-4vp4-qmm2"
  ],
  "summary": "Local Privilege Escalation in cloudflared in github.com/cloudflare/cloudflared",
  "details": "Local Privilege Escalation in cloudflared in github.com/cloudflare/cloudflared",
  "affected": [
    {
      "package": {
        "name": "github.com/cloudflare/cloudflared",
        "ecosystem": "Go"
      },
      "ranges": [
        {
          "type": "SEMVER",
          "events": [
            {
              "introduced": "0"
            },
            {
              "fixed": "0.0.0-20200820025921-9323844ea773"
            }
          ]
        }
      ],
      "ecosystem_specific": {}
    }
  ],
  "references": [
    {
      "type": "ADVISORY",
      "url": "https://github.com/cloudflare/cloudflared/security/advisories/GHSA-hgwp-4vp4-qmm2"
    },
    {
      "type": "ADVISORY",
      "url": "https://nvd.nist.gov/vuln/detail/CVE-2020-24356"
    },
    {
      "type": "FIX",
      "url": "https://github.com/cloudflare/cloudflared/commit/9323844ea773b1444460fa09295ab8c01a88d97e"
    }
  ],
  "database_specific": {
    "url": "https://pkg.go.dev/vuln/GO-2022-0845",
    "review_status": "UNREVIEWED"
  }
}