{
  "schema_version": "1.3.1",
  "id": "GO-2022-0496",
  "modified": "0001-01-01T00:00:00Z",
  "published": "0001-01-01T00:00:00Z",
  "aliases": [
    "GHSA-3jhm-87m6-x959"
  ],
  "summary": "Path traversal mitigation bypass in OctoRPKI in github.com/cloudflare/cfrpki",
  "details": "Path traversal mitigation bypass in OctoRPKI in github.com/cloudflare/cfrpki",
  "affected": [
    {
      "package": {
        "name": "github.com/cloudflare/cfrpki",
        "ecosystem": "Go"
      },
      "ranges": [
        {
          "type": "SEMVER",
          "events": [
            {
              "introduced": "0"
            },
            {
              "fixed": "1.4.3"
            }
          ]
        }
      ],
      "ecosystem_specific": {}
    }
  ],
  "references": [
    {
      "type": "ADVISORY",
      "url": "https://github.com/cloudflare/cfrpki/security/advisories/GHSA-3jhm-87m6-x959"
    },
    {
      "type": "WEB",
      "url": "https://github.com/cloudflare/cfrpki/releases/tag/v1.4.3"
    },
    {
      "type": "WEB",
      "url": "https://github.com/cloudflare/cfrpki/security/advisories/GHSA-cqh2-vc2f-q4fh"
    },
    {
      "type": "WEB",
      "url": "https://nvd.nist.gov/vuln/detail/CVE-2021-3907"
    }
  ],
  "database_specific": {
    "url": "https://pkg.go.dev/vuln/GO-2022-0496",
    "review_status": "UNREVIEWED"
  }
}