{
  "schema_version": "1.3.1",
  "id": "GO-2022-0867",
  "modified": "0001-01-01T00:00:00Z",
  "published": "0001-01-01T00:00:00Z",
  "aliases": [
    "CVE-2020-8551",
    "GHSA-qhm4-jxv7-j9pq"
  ],
  "summary": "Allocation of Resources Without Limits or Throttling and Uncontrolled Memory Allocation in Kubernetes in k8s.io/kubernetes",
  "details": "Allocation of Resources Without Limits or Throttling and Uncontrolled Memory Allocation in Kubernetes in k8s.io/kubernetes",
  "affected": [
    {
      "package": {
        "name": "k8s.io/kubernetes",
        "ecosystem": "Go"
      },
      "ranges": [
        {
          "type": "SEMVER",
          "events": [
            {
              "introduced": "1.15.0"
            },
            {
              "fixed": "1.15.10"
            },
            {
              "introduced": "1.16.0"
            },
            {
              "fixed": "1.16.6"
            },
            {
              "introduced": "1.17.0"
            },
            {
              "fixed": "1.17.2"
            }
          ]
        }
      ],
      "ecosystem_specific": {}
    }
  ],
  "references": [
    {
      "type": "ADVISORY",
      "url": "https://github.com/advisories/GHSA-qhm4-jxv7-j9pq"
    },
    {
      "type": "WEB",
      "url": "https://github.com/kubernetes/kubernetes/commit/9802bfcec0580169cffce2a3d468689a407fa7dc"
    },
    {
      "type": "WEB",
      "url": "https://github.com/kubernetes/kubernetes/issues/89377"
    },
    {
      "type": "WEB",
      "url": "https://github.com/kubernetes/kubernetes/pull/87913"
    },
    {
      "type": "WEB",
      "url": "https://groups.google.com/forum/#!topic/kubernetes-security-announce/2UOlsba2g0s"
    },
    {
      "type": "WEB",
      "url": "https://lists.fedoraproject.org/archives/list/package-announce@lists.fedoraproject.org/message/3SOCLOPTSYABTE4CLTSPDIFE6ZZZR4LX"
    },
    {
      "type": "WEB",
      "url": "https://security.netapp.com/advisory/ntap-20200413-0003"
    }
  ],
  "database_specific": {
    "url": "https://pkg.go.dev/vuln/GO-2022-0867",
    "review_status": "REVIEWED"
  }
}