{
  "schema_version": "1.3.1",
  "id": "GO-2022-0815",
  "modified": "0001-01-01T00:00:00Z",
  "published": "0001-01-01T00:00:00Z",
  "aliases": [
    "CVE-2021-29136",
    "GHSA-9m95-8hx6-7p9v"
  ],
  "summary": "Improper input validation in umoci in github.com/opencontainers/umoci",
  "details": "Improper input validation in umoci in github.com/opencontainers/umoci",
  "affected": [
    {
      "package": {
        "name": "github.com/opencontainers/umoci",
        "ecosystem": "Go"
      },
      "ranges": [
        {
          "type": "SEMVER",
          "events": [
            {
              "introduced": "0"
            },
            {
              "fixed": "0.4.7"
            }
          ]
        }
      ],
      "ecosystem_specific": {}
    }
  ],
  "references": [
    {
      "type": "ADVISORY",
      "url": "https://github.com/opencontainers/umoci/security/advisories/GHSA-9m95-8hx6-7p9v"
    },
    {
      "type": "ADVISORY",
      "url": "https://nvd.nist.gov/vuln/detail/CVE-2021-29136"
    },
    {
      "type": "FIX",
      "url": "https://github.com/opencontainers/umoci/commit/d9efc31daf2206f7d3fdb839863cf7a576a2eb57"
    },
    {
      "type": "WEB",
      "url": "http://www.openwall.com/lists/oss-security/2021/04/06/2"
    }
  ],
  "database_specific": {
    "url": "https://pkg.go.dev/vuln/GO-2022-0815",
    "review_status": "UNREVIEWED"
  }
}