{
  "schema_version": "1.3.1",
  "id": "GO-2022-0622",
  "modified": "0001-01-01T00:00:00Z",
  "published": "0001-01-01T00:00:00Z",
  "aliases": [
    "CVE-2021-3283",
    "GHSA-35qp-xq9f-2rjx"
  ],
  "summary": "Improper Privilege Management in HashiCorp Nomad in github.com/hashicorp/nomad",
  "details": "Improper Privilege Management in HashiCorp Nomad in github.com/hashicorp/nomad",
  "affected": [
    {
      "package": {
        "name": "github.com/hashicorp/nomad",
        "ecosystem": "Go"
      },
      "ranges": [
        {
          "type": "SEMVER",
          "events": [
            {
              "introduced": "0"
            },
            {
              "fixed": "0.12.10"
            },
            {
              "introduced": "1.0.0"
            },
            {
              "fixed": "1.0.3"
            }
          ]
        }
      ],
      "ecosystem_specific": {}
    }
  ],
  "references": [
    {
      "type": "ADVISORY",
      "url": "https://github.com/advisories/GHSA-35qp-xq9f-2rjx"
    },
    {
      "type": "ADVISORY",
      "url": "https://nvd.nist.gov/vuln/detail/CVE-2021-3283"
    },
    {
      "type": "WEB",
      "url": "https://discuss.hashicorp.com/t/hcsec-2021-01-nomad-s-exec-and-java-task-drivers-did-not-isolate-processes/20332"
    }
  ],
  "database_specific": {
    "url": "https://pkg.go.dev/vuln/GO-2022-0622",
    "review_status": "UNREVIEWED"
  }
}