{
  "schema_version": "1.3.1",
  "id": "GO-2022-0814",
  "modified": "0001-01-01T00:00:00Z",
  "published": "0001-01-01T00:00:00Z",
  "aliases": [
    "CVE-2018-19184",
    "GHSA-9h4h-8w5p-f28w"
  ],
  "summary": "Go Ethereum Denial of Service in github.com/ethereum/go-ethereum",
  "details": "Go Ethereum Denial of Service in github.com/ethereum/go-ethereum",
  "affected": [
    {
      "package": {
        "name": "github.com/ethereum/go-ethereum",
        "ecosystem": "Go"
      },
      "ranges": [
        {
          "type": "SEMVER",
          "events": [
            {
              "introduced": "0"
            },
            {
              "fixed": "1.8.14"
            }
          ]
        }
      ],
      "ecosystem_specific": {}
    }
  ],
  "references": [
    {
      "type": "ADVISORY",
      "url": "https://github.com/advisories/GHSA-9h4h-8w5p-f28w"
    },
    {
      "type": "FIX",
      "url": "https://github.com/ethereum/go-ethereum/commit/83e2761c3a13524bd5d6597ac08994488cf872ef"
    },
    {
      "type": "FIX",
      "url": "https://github.com/ethereum/go-ethereum/commit/fb9f7261ec51e38eedb454594fc19f00de1a6834"
    },
    {
      "type": "REPORT",
      "url": "https://github.com/ethereum/go-ethereum/issues/18069"
    }
  ],
  "database_specific": {
    "url": "https://pkg.go.dev/vuln/GO-2022-0814",
    "review_status": "REVIEWED"
  }
}