{
  "schema_version": "1.3.1",
  "id": "GO-2022-0847",
  "modified": "0001-01-01T00:00:00Z",
  "published": "0001-01-01T00:00:00Z",
  "aliases": [
    "CVE-2020-12797",
    "GHSA-hwqm-x785-qh8p"
  ],
  "summary": "Incorrect Permission Assignment for Critical Resource in Hashicorp Consul in github.com/hashicorp/consul",
  "details": "Incorrect Permission Assignment for Critical Resource in Hashicorp Consul in github.com/hashicorp/consul",
  "affected": [
    {
      "package": {
        "name": "github.com/hashicorp/consul",
        "ecosystem": "Go"
      },
      "ranges": [
        {
          "type": "SEMVER",
          "events": [
            {
              "introduced": "1.6.0"
            },
            {
              "fixed": "1.6.6"
            },
            {
              "introduced": "1.7.0"
            },
            {
              "fixed": "1.7.4"
            }
          ]
        }
      ],
      "ecosystem_specific": {}
    }
  ],
  "references": [
    {
      "type": "ADVISORY",
      "url": "https://github.com/advisories/GHSA-hwqm-x785-qh8p"
    },
    {
      "type": "ADVISORY",
      "url": "https://nvd.nist.gov/vuln/detail/CVE-2020-12797"
    },
    {
      "type": "FIX",
      "url": "https://github.com/hashicorp/consul/commit/98eea08d3ba1b220a14cf6eedf3b6b07ae2795d7"
    },
    {
      "type": "FIX",
      "url": "https://github.com/hashicorp/consul/pull/8047"
    },
    {
      "type": "REPORT",
      "url": "https://github.com/hashicorp/consul/issues/5606"
    },
    {
      "type": "WEB",
      "url": "https://github.com/hashicorp/consul/blob/v1.6.6/CHANGELOG.md"
    },
    {
      "type": "WEB",
      "url": "https://github.com/hashicorp/consul/blob/v1.7.4/CHANGELOG.md"
    }
  ],
  "database_specific": {
    "url": "https://pkg.go.dev/vuln/GO-2022-0847",
    "review_status": "UNREVIEWED"
  }
}