{
  "schema_version": "1.3.1",
  "id": "GO-2022-0459",
  "modified": "0001-01-01T00:00:00Z",
  "published": "0001-01-01T00:00:00Z",
  "aliases": [
    "CVE-2022-29188",
    "GHSA-qwrf-gfpj-qvj6"
  ],
  "summary": "Smokescreen SSRF via deny list bypass (square brackets) in github.com/stripe/smokescreen",
  "details": "Smokescreen SSRF via deny list bypass (square brackets) in github.com/stripe/smokescreen",
  "affected": [
    {
      "package": {
        "name": "github.com/stripe/smokescreen",
        "ecosystem": "Go"
      },
      "ranges": [
        {
          "type": "SEMVER",
          "events": [
            {
              "introduced": "0"
            },
            {
              "fixed": "0.0.4"
            }
          ]
        }
      ],
      "ecosystem_specific": {}
    }
  ],
  "references": [
    {
      "type": "ADVISORY",
      "url": "https://github.com/stripe/smokescreen/security/advisories/GHSA-qwrf-gfpj-qvj6"
    },
    {
      "type": "ADVISORY",
      "url": "https://nvd.nist.gov/vuln/detail/CVE-2022-29188"
    },
    {
      "type": "FIX",
      "url": "https://github.com/stripe/smokescreen/commit/dea7b3c89df000f4072ff9866d61d78e30df6a36"
    }
  ],
  "database_specific": {
    "url": "https://pkg.go.dev/vuln/GO-2022-0459",
    "review_status": "UNREVIEWED"
  }
}