{
  "schema_version": "1.3.1",
  "id": "GO-2022-0831",
  "modified": "0001-01-01T00:00:00Z",
  "published": "0001-01-01T00:00:00Z",
  "aliases": [
    "CVE-2014-8682",
    "GHSA-g6xv-8q23-w2q3"
  ],
  "summary": "SQL Injection in Gogs in gogs.io/gogs",
  "details": "SQL Injection in Gogs in gogs.io/gogs",
  "affected": [
    {
      "package": {
        "name": "gogs.io/gogs",
        "ecosystem": "Go"
      },
      "ranges": [
        {
          "type": "SEMVER",
          "events": [
            {
              "introduced": "0.3.1"
            },
            {
              "fixed": "0.5.8"
            }
          ]
        }
      ],
      "ecosystem_specific": {}
    }
  ],
  "references": [
    {
      "type": "ADVISORY",
      "url": "https://github.com/advisories/GHSA-g6xv-8q23-w2q3"
    },
    {
      "type": "ADVISORY",
      "url": "https://nvd.nist.gov/vuln/detail/CVE-2014-8682"
    },
    {
      "type": "WEB",
      "url": "http://packetstormsecurity.com/files/129116/Gogs-Label-Search-Blind-SQL-Injection.html"
    },
    {
      "type": "WEB",
      "url": "http://packetstormsecurity.com/files/129117/Gogs-Repository-Search-SQL-Injection.html"
    },
    {
      "type": "WEB",
      "url": "http://seclists.org/fulldisclosure/2014/Nov/31"
    },
    {
      "type": "WEB",
      "url": "http://seclists.org/fulldisclosure/2014/Nov/33"
    },
    {
      "type": "WEB",
      "url": "http://www.exploit-db.com/exploits/35238"
    },
    {
      "type": "WEB",
      "url": "https://exchange.xforce.ibmcloud.com/vulnerabilities/98694"
    },
    {
      "type": "WEB",
      "url": "https://github.com/gogits/gogs/commit/0c5ba4573aecc9eaed669e9431a70a5d9f184b8d"
    },
    {
      "type": "WEB",
      "url": "https://github.com/gogits/gogs/releases/tag/v0.5.8"
    },
    {
      "type": "WEB",
      "url": "https://www.exploit-db.com/exploits/35238"
    }
  ],
  "database_specific": {
    "url": "https://pkg.go.dev/vuln/GO-2022-0831",
    "review_status": "UNREVIEWED"
  }
}