{
  "schema_version": "1.3.1",
  "id": "GO-2022-0816",
  "modified": "0001-01-01T00:00:00Z",
  "published": "0001-01-01T00:00:00Z",
  "aliases": [
    "CVE-2020-7220",
    "GHSA-9vh5-r4qw-v3vv"
  ],
  "summary": "Improper Resource Shutdown or Release in HashiCorp Vault in github.com/hashicorp/vault",
  "details": "Improper Resource Shutdown or Release in HashiCorp Vault in github.com/hashicorp/vault",
  "affected": [
    {
      "package": {
        "name": "github.com/hashicorp/vault",
        "ecosystem": "Go"
      },
      "ranges": [
        {
          "type": "SEMVER",
          "events": [
            {
              "introduced": "0.11.0"
            },
            {
              "fixed": "1.3.2"
            }
          ]
        }
      ],
      "ecosystem_specific": {}
    }
  ],
  "references": [
    {
      "type": "ADVISORY",
      "url": "https://github.com/advisories/GHSA-9vh5-r4qw-v3vv"
    },
    {
      "type": "ADVISORY",
      "url": "https://nvd.nist.gov/vuln/detail/CVE-2020-7220"
    },
    {
      "type": "WEB",
      "url": "https://github.com/hashicorp/vault/blob/master/CHANGELOG.md#132-january-22nd-2020"
    },
    {
      "type": "WEB",
      "url": "https://www.hashicorp.com/blog/category/vault"
    }
  ],
  "database_specific": {
    "url": "https://pkg.go.dev/vuln/GO-2022-0816",
    "review_status": "UNREVIEWED"
  }
}