{
  "schema_version": "1.3.1",
  "id": "GO-2022-0390",
  "modified": "0001-01-01T00:00:00Z",
  "published": "0001-01-01T00:00:00Z",
  "aliases": [
    "CVE-2022-24769",
    "GHSA-2mm7-x5h6-5pvq"
  ],
  "summary": "Moby (Docker Engine) started with non-empty inheritable Linux process capabilities in github.com/docker/docker",
  "details": "Moby (Docker Engine) started with non-empty inheritable Linux process capabilities in github.com/docker/docker",
  "affected": [
    {
      "package": {
        "name": "github.com/docker/docker",
        "ecosystem": "Go"
      },
      "ranges": [
        {
          "type": "SEMVER",
          "events": [
            {
              "introduced": "0"
            },
            {
              "fixed": "20.10.14+incompatible"
            }
          ]
        }
      ],
      "ecosystem_specific": {}
    },
    {
      "package": {
        "name": "github.com/moby/moby",
        "ecosystem": "Go"
      },
      "ranges": [
        {
          "type": "SEMVER",
          "events": [
            {
              "introduced": "0"
            },
            {
              "fixed": "20.10.14+incompatible"
            }
          ]
        }
      ],
      "ecosystem_specific": {}
    }
  ],
  "references": [
    {
      "type": "ADVISORY",
      "url": "https://github.com/moby/moby/security/advisories/GHSA-2mm7-x5h6-5pvq"
    },
    {
      "type": "ADVISORY",
      "url": "https://nvd.nist.gov/vuln/detail/CVE-2022-24769"
    },
    {
      "type": "FIX",
      "url": "https://github.com/moby/moby/commit/2bbc786e4c59761d722d2d1518cd0a32829bc07f"
    },
    {
      "type": "FIX",
      "url": "https://github.com/moby/moby/commit/7f375bcff41ce672cd61e9a31f3eeb2966e3dbe1"
    },
    {
      "type": "WEB",
      "url": "http://www.openwall.com/lists/oss-security/2022/05/12/1"
    },
    {
      "type": "WEB",
      "url": "https://github.com/moby/moby/releases/tag/v20.10.14"
    },
    {
      "type": "WEB",
      "url": "https://lists.fedoraproject.org/archives/list/package-announce%40lists.fedoraproject.org/message/6PMQKCAPK2AR3DCYITJYMMNBEGQBGLCC"
    },
    {
      "type": "WEB",
      "url": "https://lists.fedoraproject.org/archives/list/package-announce%40lists.fedoraproject.org/message/A5AFKOQ5CE3CEIULWW4FLQKHFFU6FSYG"
    },
    {
      "type": "WEB",
      "url": "https://lists.fedoraproject.org/archives/list/package-announce%40lists.fedoraproject.org/message/A5FQJ3MLFSEKQYCFPFZIKYGBXPZUJFVY"
    },
    {
      "type": "WEB",
      "url": "https://lists.fedoraproject.org/archives/list/package-announce%40lists.fedoraproject.org/message/FPOJUJZXGMIVKRS4QR75F6OIXNQ6LDBL"
    },
    {
      "type": "WEB",
      "url": "https://lists.fedoraproject.org/archives/list/package-announce%40lists.fedoraproject.org/message/HIMAHZ6AUIKN7AX26KHZYBXVECIOVWBH"
    },
    {
      "type": "WEB",
      "url": "https://lists.fedoraproject.org/archives/list/package-announce%40lists.fedoraproject.org/message/HQCVS7WBFSTKJFNX5PGDRARMTOFWV2O7"
    },
    {
      "type": "WEB",
      "url": "https://lists.fedoraproject.org/archives/list/package-announce@lists.fedoraproject.org/message/6PMQKCAPK2AR3DCYITJYMMNBEGQBGLCC"
    },
    {
      "type": "WEB",
      "url": "https://lists.fedoraproject.org/archives/list/package-announce@lists.fedoraproject.org/message/A5AFKOQ5CE3CEIULWW4FLQKHFFU6FSYG"
    },
    {
      "type": "WEB",
      "url": "https://lists.fedoraproject.org/archives/list/package-announce@lists.fedoraproject.org/message/A5FQJ3MLFSEKQYCFPFZIKYGBXPZUJFVY"
    },
    {
      "type": "WEB",
      "url": "https://lists.fedoraproject.org/archives/list/package-announce@lists.fedoraproject.org/message/FPOJUJZXGMIVKRS4QR75F6OIXNQ6LDBL"
    },
    {
      "type": "WEB",
      "url": "https://lists.fedoraproject.org/archives/list/package-announce@lists.fedoraproject.org/message/HIMAHZ6AUIKN7AX26KHZYBXVECIOVWBH"
    },
    {
      "type": "WEB",
      "url": "https://lists.fedoraproject.org/archives/list/package-announce@lists.fedoraproject.org/message/HQCVS7WBFSTKJFNX5PGDRARMTOFWV2O7"
    },
    {
      "type": "WEB",
      "url": "https://security.gentoo.org/glsa/202401-31"
    },
    {
      "type": "WEB",
      "url": "https://www.debian.org/security/2022/dsa-5162"
    }
  ],
  "database_specific": {
    "url": "https://pkg.go.dev/vuln/GO-2022-0390",
    "review_status": "UNREVIEWED"
  }
}