{
  "schema_version": "1.3.1",
  "id": "GO-2022-0580",
  "modified": "0001-01-01T00:00:00Z",
  "published": "0001-01-01T00:00:00Z",
  "aliases": [
    "CVE-2021-3978",
    "GHSA-3pqh-p72c-fj85"
  ],
  "summary": "Improper Preservation of Permissions in github.com/cloudflare/cfrpki/cmd/octorpki in github.com/cloudflare/cfrpki",
  "details": "Improper Preservation of Permissions in github.com/cloudflare/cfrpki/cmd/octorpki in github.com/cloudflare/cfrpki",
  "affected": [
    {
      "package": {
        "name": "github.com/cloudflare/cfrpki",
        "ecosystem": "Go"
      },
      "ranges": [
        {
          "type": "SEMVER",
          "events": [
            {
              "introduced": "0"
            },
            {
              "fixed": "1.4.2"
            }
          ]
        }
      ],
      "ecosystem_specific": {}
    }
  ],
  "references": [
    {
      "type": "ADVISORY",
      "url": "https://github.com/cloudflare/cfrpki/security/advisories/GHSA-3pqh-p72c-fj85"
    }
  ],
  "database_specific": {
    "url": "https://pkg.go.dev/vuln/GO-2022-0580",
    "review_status": "UNREVIEWED"
  }
}