{
  "schema_version": "1.3.1",
  "id": "GO-2022-0838",
  "modified": "0001-01-01T00:00:00Z",
  "published": "0001-01-01T00:00:00Z",
  "aliases": [
    "CVE-2020-26294",
    "GHSA-gv2h-gf8m-r68j"
  ],
  "summary": "Exposure of server configuration in github.com/go-vela/server in github.com/go-vela/compiler",
  "details": "Exposure of server configuration in github.com/go-vela/server in github.com/go-vela/compiler",
  "affected": [
    {
      "package": {
        "name": "github.com/go-vela/compiler",
        "ecosystem": "Go"
      },
      "ranges": [
        {
          "type": "SEMVER",
          "events": [
            {
              "introduced": "0"
            },
            {
              "fixed": "0.6.1"
            }
          ]
        }
      ],
      "ecosystem_specific": {}
    }
  ],
  "references": [
    {
      "type": "ADVISORY",
      "url": "https://github.com/go-vela/compiler/security/advisories/GHSA-gv2h-gf8m-r68j"
    },
    {
      "type": "ADVISORY",
      "url": "https://nvd.nist.gov/vuln/detail/CVE-2020-26294"
    },
    {
      "type": "FIX",
      "url": "https://github.com/go-vela/compiler/commit/f1ace5f8a05c95c4d02264556e38a959ee2d9bda"
    },
    {
      "type": "WEB",
      "url": "https://github.com/helm/helm/blob/6297c021cbda1483d8c08a8ec6f4a99e38be7302/pkg/engine/funcs.go#L46-L47"
    },
    {
      "type": "WEB",
      "url": "https://pkg.go.dev/github.com/go-vela/compiler/compiler"
    }
  ],
  "database_specific": {
    "url": "https://pkg.go.dev/vuln/GO-2022-0838",
    "review_status": "UNREVIEWED"
  }
}