{
  "schema_version": "1.3.1",
  "id": "GO-2022-0875",
  "modified": "0001-01-01T00:00:00Z",
  "published": "0001-01-01T00:00:00Z",
  "aliases": [
    "CVE-2015-5250",
    "GHSA-rf3m-mhv7-x39f"
  ],
  "summary": "Denial of Service in OpenShift Origin in github.com/openshift/origin",
  "details": "Denial of Service in OpenShift Origin in github.com/openshift/origin",
  "affected": [
    {
      "package": {
        "name": "github.com/openshift/origin",
        "ecosystem": "Go"
      },
      "ranges": [
        {
          "type": "SEMVER",
          "events": [
            {
              "introduced": "0"
            },
            {
              "fixed": "1.0.6"
            }
          ]
        }
      ],
      "ecosystem_specific": {}
    }
  ],
  "references": [
    {
      "type": "ADVISORY",
      "url": "https://github.com/advisories/GHSA-rf3m-mhv7-x39f"
    },
    {
      "type": "ADVISORY",
      "url": "https://nvd.nist.gov/vuln/detail/CVE-2015-5250"
    },
    {
      "type": "FIX",
      "url": "https://github.com/openshift/origin/commit/dace5075e31b74703e944b6b3ebe8836be8d1b9a"
    },
    {
      "type": "REPORT",
      "url": "https://github.com/openshift/origin/issues/4374"
    },
    {
      "type": "WEB",
      "url": "https://access.redhat.com/errata/RHSA-2015:1736"
    },
    {
      "type": "WEB",
      "url": "https://access.redhat.com/security/cve/CVE-2015-5250"
    },
    {
      "type": "WEB",
      "url": "https://bugzilla.redhat.com/show_bug.cgi?id=1259867"
    },
    {
      "type": "WEB",
      "url": "https://web.nvd.nist.gov/view/vuln/detail?vulnId=CVE-2015-5250"
    }
  ],
  "database_specific": {
    "url": "https://pkg.go.dev/vuln/GO-2022-0875",
    "review_status": "UNREVIEWED"
  }
}