{
  "schema_version": "1.3.1",
  "id": "GO-2022-0375",
  "modified": "0001-01-01T00:00:00Z",
  "published": "0001-01-01T00:00:00Z",
  "aliases": [
    "GHSA-m836-gxwq-j2pm"
  ],
  "summary": "Improper Access Control in github.com/treeverse/lakefs",
  "details": "Improper Access Control in github.com/treeverse/lakefs",
  "affected": [
    {
      "package": {
        "name": "github.com/treeverse/lakefs",
        "ecosystem": "Go"
      },
      "ranges": [
        {
          "type": "SEMVER",
          "events": [
            {
              "introduced": "0"
            },
            {
              "fixed": "0.53.1"
            }
          ]
        }
      ],
      "ecosystem_specific": {}
    }
  ],
  "references": [
    {
      "type": "ADVISORY",
      "url": "https://github.com/treeverse/lakeFS/security/advisories/GHSA-m836-gxwq-j2pm"
    },
    {
      "type": "WEB",
      "url": "https://github.com/treeverse/lakeFS/commit/f2117281cadb14fdf9ac7fe287f84d5c10308b88"
    }
  ],
  "database_specific": {
    "url": "https://pkg.go.dev/vuln/GO-2022-0375",
    "review_status": "UNREVIEWED"
  }
}