{
  "schema_version": "1.3.1",
  "id": "GO-2022-0309",
  "modified": "0001-01-01T00:00:00Z",
  "published": "0001-01-01T00:00:00Z",
  "aliases": [
    "CVE-2021-45326",
    "GHSA-4wp3-8q92-mh8w"
  ],
  "summary": "Cross Site Request Forgery in Gitea in github.com/go-gitea/gitea",
  "details": "Cross Site Request Forgery in Gitea in github.com/go-gitea/gitea",
  "affected": [
    {
      "package": {
        "name": "github.com/go-gitea/gitea",
        "ecosystem": "Go"
      },
      "ranges": [
        {
          "type": "SEMVER",
          "events": [
            {
              "introduced": "0"
            },
            {
              "fixed": "1.5.2"
            }
          ]
        }
      ],
      "ecosystem_specific": {}
    }
  ],
  "references": [
    {
      "type": "ADVISORY",
      "url": "https://github.com/advisories/GHSA-4wp3-8q92-mh8w"
    },
    {
      "type": "ADVISORY",
      "url": "https://nvd.nist.gov/vuln/detail/CVE-2021-45326"
    },
    {
      "type": "FIX",
      "url": "https://github.com/go-gitea/gitea/pull/4840"
    },
    {
      "type": "REPORT",
      "url": "https://github.com/go-gitea/gitea/issues/4838"
    },
    {
      "type": "WEB",
      "url": "https://blog.gitea.io/2018/10/gitea-1.5.2-is-released"
    }
  ],
  "database_specific": {
    "url": "https://pkg.go.dev/vuln/GO-2022-0309",
    "review_status": "UNREVIEWED"
  }
}