{
  "schema_version": "1.3.1",
  "id": "GO-2022-0566",
  "modified": "0001-01-01T00:00:00Z",
  "published": "0001-01-01T00:00:00Z",
  "aliases": [
    "CVE-2022-0870",
    "GHSA-7v5r-r995-q2x2"
  ],
  "summary": "SSRF in repository migration in gogs.io/gogs",
  "details": "SSRF in repository migration in gogs.io/gogs",
  "affected": [
    {
      "package": {
        "name": "gogs.io/gogs",
        "ecosystem": "Go"
      },
      "ranges": [
        {
          "type": "SEMVER",
          "events": [
            {
              "introduced": "0"
            },
            {
              "fixed": "0.12.5"
            }
          ]
        }
      ],
      "ecosystem_specific": {}
    }
  ],
  "references": [
    {
      "type": "ADVISORY",
      "url": "https://github.com/advisories/GHSA-7v5r-r995-q2x2"
    },
    {
      "type": "ADVISORY",
      "url": "https://nvd.nist.gov/vuln/detail/CVE-2022-0870"
    },
    {
      "type": "WEB",
      "url": "https://github.com/gogs/gogs/commit/91f2cde5e95f146bfe4765e837e7282df6c7cabb"
    },
    {
      "type": "WEB",
      "url": "https://huntr.dev/bounties/327797d7-ae41-498f-9bff-cc0bf98cf531"
    }
  ],
  "database_specific": {
    "url": "https://pkg.go.dev/vuln/GO-2022-0566",
    "review_status": "UNREVIEWED"
  }
}