{
  "schema_version": "1.3.1",
  "id": "GO-2022-0387",
  "modified": "0001-01-01T00:00:00Z",
  "published": "0001-01-01T00:00:00Z",
  "aliases": [
    "GHSA-6w87-g839-9wv7"
  ],
  "summary": "Helm OCI credentials leaked into Argo CD logs in github.com/argoproj/argo-cd",
  "details": "Helm OCI credentials leaked into Argo CD logs in github.com/argoproj/argo-cd",
  "affected": [
    {
      "package": {
        "name": "github.com/argoproj/argo-cd",
        "ecosystem": "Go"
      },
      "ranges": [
        {
          "type": "SEMVER",
          "events": [
            {
              "introduced": "0"
            },
            {
              "fixed": "1.7.14"
            },
            {
              "introduced": "1.8.0"
            },
            {
              "fixed": "1.8.7"
            }
          ]
        }
      ],
      "ecosystem_specific": {}
    }
  ],
  "references": [
    {
      "type": "ADVISORY",
      "url": "https://github.com/argoproj/argo-cd/security/advisories/GHSA-6w87-g839-9wv7"
    }
  ],
  "database_specific": {
    "url": "https://pkg.go.dev/vuln/GO-2022-0387",
    "review_status": "UNREVIEWED"
  }
}