{
  "schema_version": "1.3.1",
  "id": "GO-2022-0350",
  "modified": "0001-01-01T00:00:00Z",
  "published": "0001-01-01T00:00:00Z",
  "aliases": [
    "CVE-2022-24753",
    "GHSA-4cx6-fj7j-pjx9"
  ],
  "summary": "Code injection in Stripe CLI on windows in github.com/stripe/stripe-cli",
  "details": "Code injection in Stripe CLI on windows in github.com/stripe/stripe-cli",
  "affected": [
    {
      "package": {
        "name": "github.com/stripe/stripe-cli",
        "ecosystem": "Go"
      },
      "ranges": [
        {
          "type": "SEMVER",
          "events": [
            {
              "introduced": "0"
            },
            {
              "fixed": "1.7.13"
            }
          ]
        }
      ],
      "ecosystem_specific": {}
    }
  ],
  "references": [
    {
      "type": "ADVISORY",
      "url": "https://github.com/stripe/stripe-cli/security/advisories/GHSA-4cx6-fj7j-pjx9"
    },
    {
      "type": "ADVISORY",
      "url": "https://nvd.nist.gov/vuln/detail/CVE-2022-24753"
    },
    {
      "type": "FIX",
      "url": "https://github.com/stripe/stripe-cli/commit/be38da5c0191adb77f661f769ffff2fbc7ddf6cd"
    }
  ],
  "database_specific": {
    "url": "https://pkg.go.dev/vuln/GO-2022-0350",
    "review_status": "UNREVIEWED"
  }
}