{
  "schema_version": "1.3.1",
  "id": "GO-2022-0577",
  "modified": "0001-01-01T00:00:00Z",
  "published": "0001-01-01T00:00:00Z",
  "aliases": [
    "CVE-2022-24685",
    "GHSA-3382-r9q8-4hfg"
  ],
  "summary": "HashiCorp Nomad vulnerable to Allocation of Resources Without Limits or Throttling in github.com/hashicorp/nomad",
  "details": "HashiCorp Nomad vulnerable to Allocation of Resources Without Limits or Throttling in github.com/hashicorp/nomad",
  "affected": [
    {
      "package": {
        "name": "github.com/hashicorp/nomad",
        "ecosystem": "Go"
      },
      "ranges": [
        {
          "type": "SEMVER",
          "events": [
            {
              "introduced": "1.0.0"
            },
            {
              "fixed": "1.0.17"
            },
            {
              "introduced": "1.1.0"
            },
            {
              "fixed": "1.1.12"
            },
            {
              "introduced": "1.2.0"
            },
            {
              "fixed": "1.2.6"
            }
          ]
        }
      ],
      "ecosystem_specific": {}
    }
  ],
  "references": [
    {
      "type": "ADVISORY",
      "url": "https://github.com/advisories/GHSA-3382-r9q8-4hfg"
    },
    {
      "type": "ADVISORY",
      "url": "https://nvd.nist.gov/vuln/detail/CVE-2022-24685"
    },
    {
      "type": "WEB",
      "url": "https://discuss.hashicorp.com"
    },
    {
      "type": "WEB",
      "url": "https://discuss.hashicorp.com/t/hcsec-2022-03-nomad-malformed-job-parsing-results-in-excessive-cpu-usage"
    },
    {
      "type": "WEB",
      "url": "https://discuss.hashicorp.com/t/hcsec-2022-03-nomad-malformed-job-parsing-results-in-excessive-cpu-usage/35561"
    },
    {
      "type": "WEB",
      "url": "https://security.netapp.com/advisory/ntap-20220331-0007"
    }
  ],
  "database_specific": {
    "url": "https://pkg.go.dev/vuln/GO-2022-0577",
    "review_status": "UNREVIEWED"
  }
}