{
  "schema_version": "1.3.1",
  "id": "GO-2022-0855",
  "modified": "0001-01-01T00:00:00Z",
  "published": "0001-01-01T00:00:00Z",
  "aliases": [
    "CVE-2020-28466",
    "GHSA-m4jx-6526-vvhm"
  ],
  "summary": "Denial of service in github.com/nats-io/nats-server/server in github.com/nats-io/nats-server",
  "details": "Denial of service in github.com/nats-io/nats-server/server in github.com/nats-io/nats-server",
  "affected": [
    {
      "package": {
        "name": "github.com/nats-io/nats-server",
        "ecosystem": "Go"
      },
      "ranges": [
        {
          "type": "SEMVER",
          "events": [
            {
              "introduced": "0"
            }
          ]
        }
      ],
      "ecosystem_specific": {}
    },
    {
      "package": {
        "name": "github.com/nats-io/nats-server/v2",
        "ecosystem": "Go"
      },
      "ranges": [
        {
          "type": "SEMVER",
          "events": [
            {
              "introduced": "0"
            },
            {
              "fixed": "2.2.0"
            }
          ]
        }
      ],
      "ecosystem_specific": {}
    }
  ],
  "references": [
    {
      "type": "ADVISORY",
      "url": "https://github.com/advisories/GHSA-m4jx-6526-vvhm"
    },
    {
      "type": "ADVISORY",
      "url": "https://nvd.nist.gov/vuln/detail/CVE-2020-28466"
    },
    {
      "type": "FIX",
      "url": "https://github.com/nats-io/nats-server/pull/1731"
    },
    {
      "type": "FIX",
      "url": "https://github.com/nats-io/nats-server/pull/1731/commits/2e3c22672936f4980d343fb1d328b38919e74796"
    },
    {
      "type": "WEB",
      "url": "http://www.openwall.com/lists/oss-security/2021/03/16/1"
    },
    {
      "type": "WEB",
      "url": "http://www.openwall.com/lists/oss-security/2021/03/16/2"
    },
    {
      "type": "WEB",
      "url": "https://snyk.io/vuln/SNYK-GOLANG-GITHUBCOMNATSIONATSSERVERSERVER-1042967"
    }
  ],
  "database_specific": {
    "url": "https://pkg.go.dev/vuln/GO-2022-0855",
    "review_status": "UNREVIEWED"
  }
}