{
  "schema_version": "1.3.1",
  "id": "GO-2022-0862",
  "modified": "0001-01-01T00:00:00Z",
  "published": "0001-01-01T00:00:00Z",
  "aliases": [
    "CVE-2019-11228",
    "GHSA-q47x-6mqq-4w92"
  ],
  "summary": "Gitea Improper Input Validation in github.com/go-gitea/gitea",
  "details": "Gitea Improper Input Validation in github.com/go-gitea/gitea",
  "affected": [
    {
      "package": {
        "name": "github.com/go-gitea/gitea",
        "ecosystem": "Go"
      },
      "ranges": [
        {
          "type": "SEMVER",
          "events": [
            {
              "introduced": "0"
            },
            {
              "fixed": "1.7.6"
            }
          ]
        }
      ],
      "ecosystem_specific": {}
    }
  ],
  "references": [
    {
      "type": "ADVISORY",
      "url": "https://github.com/advisories/GHSA-q47x-6mqq-4w92"
    },
    {
      "type": "ADVISORY",
      "url": "https://nvd.nist.gov/vuln/detail/CVE-2019-11228"
    },
    {
      "type": "FIX",
      "url": "https://github.com/go-gitea/gitea/pull/6593"
    },
    {
      "type": "FIX",
      "url": "https://github.com/go-gitea/gitea/pull/6595"
    },
    {
      "type": "WEB",
      "url": "https://github.com/go-gitea/gitea/releases/tag/v1.7.6"
    },
    {
      "type": "WEB",
      "url": "https://github.com/go-gitea/gitea/releases/tag/v1.8.0-rc3"
    }
  ],
  "database_specific": {
    "url": "https://pkg.go.dev/vuln/GO-2022-0862",
    "review_status": "UNREVIEWED"
  }
}