{
  "schema_version": "1.3.1",
  "id": "GO-2022-0426",
  "modified": "0001-01-01T00:00:00Z",
  "published": "0001-01-01T00:00:00Z",
  "aliases": [
    "CVE-2022-27652",
    "GHSA-4hj2-r2pm-3hc6"
  ],
  "summary": "Incorrect Default Permissions in CRI-O in github.com/cri-o/cri-o",
  "details": "Incorrect Default Permissions in CRI-O in github.com/cri-o/cri-o",
  "affected": [
    {
      "package": {
        "name": "github.com/cri-o/cri-o",
        "ecosystem": "Go"
      },
      "ranges": [
        {
          "type": "SEMVER",
          "events": [
            {
              "introduced": "0"
            },
            {
              "fixed": "1.24.0"
            }
          ]
        }
      ],
      "ecosystem_specific": {}
    }
  ],
  "references": [
    {
      "type": "ADVISORY",
      "url": "https://github.com/cri-o/cri-o/security/advisories/GHSA-4hj2-r2pm-3hc6"
    },
    {
      "type": "ADVISORY",
      "url": "https://nvd.nist.gov/vuln/detail/CVE-2022-27652"
    },
    {
      "type": "WEB",
      "url": "https://bugzilla.redhat.com/show_bug.cgi?id=2066839"
    }
  ],
  "database_specific": {
    "url": "https://pkg.go.dev/vuln/GO-2022-0426",
    "review_status": "UNREVIEWED"
  }
}