{
  "schema_version": "1.3.1",
  "id": "GO-2022-0418",
  "modified": "0001-01-01T00:00:00Z",
  "published": "0001-01-01T00:00:00Z",
  "aliases": [
    "GHSA-fx5p-f64h-93xc"
  ],
  "summary": "Opened exploitable ports in default docker-compose.yaml in go-ipfs in github.com/ipfs/go-ipfs",
  "details": "Opened exploitable ports in default docker-compose.yaml in go-ipfs in github.com/ipfs/go-ipfs",
  "affected": [
    {
      "package": {
        "name": "github.com/ipfs/go-ipfs",
        "ecosystem": "Go"
      },
      "ranges": [
        {
          "type": "SEMVER",
          "events": [
            {
              "introduced": "0.11.0"
            },
            {
              "fixed": "0.12.1"
            }
          ]
        }
      ],
      "ecosystem_specific": {}
    }
  ],
  "references": [
    {
      "type": "ADVISORY",
      "url": "https://github.com/ipfs/go-ipfs/security/advisories/GHSA-fx5p-f64h-93xc"
    },
    {
      "type": "FIX",
      "url": "https://github.com/ipfs/go-ipfs/commit/816a128aaf963d72c4930852ce32b9a4e31924a1"
    },
    {
      "type": "FIX",
      "url": "https://github.com/ipfs/go-ipfs/pull/8773"
    },
    {
      "type": "WEB",
      "url": "https://github.com/ipfs/go-ipfs/releases/tag/v0.12.1"
    }
  ],
  "database_specific": {
    "url": "https://pkg.go.dev/vuln/GO-2022-0418",
    "review_status": "UNREVIEWED"
  }
}