{
  "schema_version": "1.3.1",
  "id": "GO-2022-0500",
  "modified": "0001-01-01T00:00:00Z",
  "published": "0001-01-01T00:00:00Z",
  "aliases": [
    "CVE-2022-31076",
    "GHSA-8f4f-v9x5-cg6j"
  ],
  "summary": "CloudCore UDS Server: Malicious Message can crash CloudCore in github.com/kubeedge/kubeedge",
  "details": "CloudCore UDS Server: Malicious Message can crash CloudCore in github.com/kubeedge/kubeedge",
  "affected": [
    {
      "package": {
        "name": "github.com/kubeedge/kubeedge",
        "ecosystem": "Go"
      },
      "ranges": [
        {
          "type": "SEMVER",
          "events": [
            {
              "introduced": "0"
            },
            {
              "fixed": "1.9.3"
            },
            {
              "introduced": "1.10.0"
            },
            {
              "fixed": "1.10.1"
            }
          ]
        }
      ],
      "ecosystem_specific": {}
    }
  ],
  "references": [
    {
      "type": "ADVISORY",
      "url": "https://github.com/kubeedge/kubeedge/security/advisories/GHSA-8f4f-v9x5-cg6j"
    },
    {
      "type": "ADVISORY",
      "url": "https://nvd.nist.gov/vuln/detail/CVE-2022-31076"
    },
    {
      "type": "FIX",
      "url": "https://github.com/kubeedge/kubeedge/pull/3899/commits/5d60ae9eabd6b6b7afe38758e19bbe8137664701"
    }
  ],
  "database_specific": {
    "url": "https://pkg.go.dev/vuln/GO-2022-0500",
    "review_status": "UNREVIEWED"
  }
}