{
  "schema_version": "1.3.1",
  "id": "GO-2022-0561",
  "modified": "0001-01-01T00:00:00Z",
  "published": "0001-01-01T00:00:00Z",
  "aliases": [
    "CVE-2022-0664",
    "GHSA-6rrw-4fm9-rghv"
  ],
  "summary": "Use of Hard-coded Cryptographic Key in Netmaker in github.com/gravitl/netmaker",
  "details": "Use of Hard-coded Cryptographic Key in Netmaker in github.com/gravitl/netmaker",
  "affected": [
    {
      "package": {
        "name": "github.com/gravitl/netmaker",
        "ecosystem": "Go"
      },
      "ranges": [
        {
          "type": "SEMVER",
          "events": [
            {
              "introduced": "0"
            },
            {
              "fixed": "0.8.5"
            },
            {
              "introduced": "0.9.0"
            },
            {
              "fixed": "0.9.4"
            }
          ]
        }
      ],
      "ecosystem_specific": {}
    }
  ],
  "references": [
    {
      "type": "ADVISORY",
      "url": "https://github.com/advisories/GHSA-6rrw-4fm9-rghv"
    },
    {
      "type": "ADVISORY",
      "url": "https://nvd.nist.gov/vuln/detail/CVE-2022-0664"
    },
    {
      "type": "FIX",
      "url": "https://github.com/gravitl/netmaker/commit/9bee12642986cb9534e268447b70e6f0f03c59cf"
    },
    {
      "type": "WEB",
      "url": "https://huntr.dev/bounties/29898a42-fd4f-4b5b-a8e3-ab573cb87eac"
    }
  ],
  "database_specific": {
    "url": "https://pkg.go.dev/vuln/GO-2022-0561",
    "review_status": "UNREVIEWED"
  }
}