{
  "schema_version": "1.3.1",
  "id": "GO-2022-0616",
  "modified": "0001-01-01T00:00:00Z",
  "published": "0001-01-01T00:00:00Z",
  "aliases": [
    "CVE-2022-1332",
    "GHSA-qggc-pj29-j27m"
  ],
  "summary": "Improper Privilege Management in Mattermost in github.com/mattermost/mattermost-server",
  "details": "Improper Privilege Management in Mattermost in github.com/mattermost/mattermost-server",
  "affected": [
    {
      "package": {
        "name": "github.com/mattermost/mattermost-server",
        "ecosystem": "Go"
      },
      "ranges": [
        {
          "type": "SEMVER",
          "events": [
            {
              "introduced": "0"
            }
          ]
        }
      ],
      "ecosystem_specific": {}
    },
    {
      "package": {
        "name": "github.com/mattermost/mattermost-server/v5",
        "ecosystem": "Go"
      },
      "ranges": [
        {
          "type": "SEMVER",
          "events": [
            {
              "introduced": "0"
            },
            {
              "fixed": "5.37.9"
            }
          ]
        }
      ],
      "ecosystem_specific": {}
    },
    {
      "package": {
        "name": "github.com/mattermost/mattermost-server/v6",
        "ecosystem": "Go"
      },
      "ranges": [
        {
          "type": "SEMVER",
          "events": [
            {
              "introduced": "6.0.0"
            },
            {
              "fixed": "6.2.5"
            },
            {
              "introduced": "6.3.0"
            },
            {
              "fixed": "6.3.5"
            },
            {
              "introduced": "6.4.0"
            },
            {
              "fixed": "6.4.2"
            }
          ]
        }
      ],
      "ecosystem_specific": {}
    }
  ],
  "references": [
    {
      "type": "ADVISORY",
      "url": "https://github.com/advisories/GHSA-qggc-pj29-j27m"
    },
    {
      "type": "ADVISORY",
      "url": "https://nvd.nist.gov/vuln/detail/CVE-2022-1332"
    },
    {
      "type": "WEB",
      "url": "https://mattermost.com/security-updates"
    }
  ],
  "database_specific": {
    "url": "https://pkg.go.dev/vuln/GO-2022-0616",
    "review_status": "UNREVIEWED"
  }
}