{
  "schema_version": "1.3.1",
  "id": "GO-2022-0360",
  "modified": "0001-01-01T00:00:00Z",
  "published": "0001-01-01T00:00:00Z",
  "aliases": [
    "GHSA-5j5w-g665-5m35"
  ],
  "summary": "Ambiguous OCI manifest parsing in github.com/containerd/containerd",
  "details": "Ambiguous OCI manifest parsing in github.com/containerd/containerd",
  "affected": [
    {
      "package": {
        "name": "github.com/containerd/containerd",
        "ecosystem": "Go"
      },
      "ranges": [
        {
          "type": "SEMVER",
          "events": [
            {
              "introduced": "0"
            },
            {
              "fixed": "1.4.12"
            },
            {
              "introduced": "1.5.0"
            },
            {
              "fixed": "1.5.8"
            }
          ]
        }
      ],
      "ecosystem_specific": {}
    }
  ],
  "references": [
    {
      "type": "ADVISORY",
      "url": "https://github.com/containerd/containerd/security/advisories/GHSA-5j5w-g665-5m35"
    },
    {
      "type": "FIX",
      "url": "https://github.com/containerd/containerd/commit/26c76a3014e71af5ad2f396ec76e0e0ecc8e25a3"
    },
    {
      "type": "FIX",
      "url": "https://github.com/containerd/containerd/commit/db00065a969a983ceb0a409833f93f705f284ea4"
    },
    {
      "type": "WEB",
      "url": "https://github.com/containerd/containerd/releases/tag/v1.4.12"
    },
    {
      "type": "WEB",
      "url": "https://github.com/containerd/containerd/releases/tag/v1.5.8"
    },
    {
      "type": "WEB",
      "url": "https://github.com/opencontainers/distribution-spec/security/advisories/GHSA-mc8v-mgrf-8f4m"
    },
    {
      "type": "WEB",
      "url": "https://github.com/opencontainers/image-spec/security/advisories/GHSA-77vh-xpmg-72qh"
    }
  ],
  "database_specific": {
    "url": "https://pkg.go.dev/vuln/GO-2022-0360",
    "review_status": "UNREVIEWED"
  }
}