{
  "schema_version": "1.3.1",
  "id": "GO-2022-0413",
  "modified": "0001-01-01T00:00:00Z",
  "published": "0001-01-01T00:00:00Z",
  "aliases": [
    "CVE-2022-24797",
    "GHSA-q98f-2x4p-prjr"
  ],
  "summary": "Exposure of Sensitive Information in Pomerium in github.com/pomerium/pomerium",
  "details": "Exposure of Sensitive Information in Pomerium in github.com/pomerium/pomerium",
  "affected": [
    {
      "package": {
        "name": "github.com/pomerium/pomerium",
        "ecosystem": "Go"
      },
      "ranges": [
        {
          "type": "SEMVER",
          "events": [
            {
              "introduced": "0.16.0"
            },
            {
              "fixed": "0.17.1"
            }
          ]
        }
      ],
      "ecosystem_specific": {}
    }
  ],
  "references": [
    {
      "type": "ADVISORY",
      "url": "https://github.com/pomerium/pomerium/security/advisories/GHSA-q98f-2x4p-prjr"
    },
    {
      "type": "ADVISORY",
      "url": "https://nvd.nist.gov/vuln/detail/CVE-2022-24797"
    },
    {
      "type": "FIX",
      "url": "https://github.com/pomerium/pomerium/commit/b435f73e2b54088da2aca5e8c3aa1808293d6903"
    },
    {
      "type": "FIX",
      "url": "https://github.com/pomerium/pomerium/pull/3212"
    }
  ],
  "database_specific": {
    "url": "https://pkg.go.dev/vuln/GO-2022-0413",
    "review_status": "UNREVIEWED"
  }
}