{
  "schema_version": "1.3.1",
  "id": "GO-2021-0066",
  "modified": "0001-01-01T00:00:00Z",
  "published": "2021-04-14T20:04:52Z",
  "aliases": [
    "CVE-2020-8564",
    "GHSA-8mjg-8c8g-6h85"
  ],
  "summary": "Sensitive information leak via log file in k8s.io/kubernetes",
  "details": "Attempting to read a malformed .dockercfg may cause secrets to be inappropriately logged.",
  "affected": [
    {
      "package": {
        "name": "k8s.io/kubernetes",
        "ecosystem": "Go"
      },
      "ranges": [
        {
          "type": "SEMVER",
          "events": [
            {
              "introduced": "0"
            },
            {
              "fixed": "1.20.0-alpha.1"
            }
          ]
        }
      ],
      "ecosystem_specific": {
        "imports": [
          {
            "path": "k8s.io/kubernetes/pkg/credentialprovider",
            "symbols": [
              "readDockerConfigFileFromBytes",
              "readDockerConfigJSONFileFromBytes"
            ]
          }
        ]
      }
    }
  ],
  "references": [
    {
      "type": "FIX",
      "url": "https://github.com/kubernetes/kubernetes/pull/94712"
    },
    {
      "type": "FIX",
      "url": "https://github.com/kubernetes/kubernetes/commit/11793434dac97a49bfed0150b56ac63e5dc34634"
    },
    {
      "type": "WEB",
      "url": "https://github.com/kubernetes/kubernetes/issues/95622"
    }
  ],
  "credits": [
    {
      "name": "@sfowl"
    }
  ],
  "database_specific": {
    "url": "https://pkg.go.dev/vuln/GO-2021-0066",
    "review_status": "REVIEWED"
  }
}