{
  "schema_version": "1.3.1",
  "id": "GO-2022-0833",
  "modified": "0001-01-01T00:00:00Z",
  "published": "0001-01-01T00:00:00Z",
  "aliases": [
    "CVE-2016-8579",
    "GHSA-gfh2-7jg5-653p"
  ],
  "summary": "Denial of Service in docker2aci in github.com/appc/docker2aci",
  "details": "Denial of Service in docker2aci in github.com/appc/docker2aci",
  "affected": [
    {
      "package": {
        "name": "github.com/appc/docker2aci",
        "ecosystem": "Go"
      },
      "ranges": [
        {
          "type": "SEMVER",
          "events": [
            {
              "introduced": "0"
            },
            {
              "fixed": "0.13.0"
            }
          ]
        }
      ],
      "ecosystem_specific": {}
    }
  ],
  "references": [
    {
      "type": "ADVISORY",
      "url": "https://github.com/advisories/GHSA-gfh2-7jg5-653p"
    },
    {
      "type": "ADVISORY",
      "url": "https://nvd.nist.gov/vuln/detail/CVE-2016-8579"
    },
    {
      "type": "FIX",
      "url": "https://github.com/appc/docker2aci/pull/204/commits/54331ec7020e102935c31096f336d31f6400064f"
    },
    {
      "type": "REPORT",
      "url": "https://github.com/appc/docker2aci/issues/203"
    },
    {
      "type": "WEB",
      "url": "https://github.com/appc/docker2aci/releases/tag/v0.13.0"
    },
    {
      "type": "WEB",
      "url": "https://web.nvd.nist.gov/view/vuln/detail?vulnId=CVE-2016-8579"
    }
  ],
  "database_specific": {
    "url": "https://pkg.go.dev/vuln/GO-2022-0833",
    "review_status": "UNREVIEWED"
  }
}