{
  "schema_version": "1.3.1",
  "id": "GO-2022-0396",
  "modified": "0001-01-01T00:00:00Z",
  "published": "0001-01-01T00:00:00Z",
  "aliases": [
    "GHSA-g54h-m393-cpwq"
  ],
  "summary": "Devices resource list treated as a blacklist by default in github.com/opencontainers/runc",
  "details": "Devices resource list treated as a blacklist by default in github.com/opencontainers/runc",
  "affected": [
    {
      "package": {
        "name": "github.com/opencontainers/runc",
        "ecosystem": "Go"
      },
      "ranges": [
        {
          "type": "SEMVER",
          "events": [
            {
              "introduced": "0"
            },
            {
              "fixed": "1.0.0-rc91"
            }
          ]
        }
      ],
      "ecosystem_specific": {}
    }
  ],
  "references": [
    {
      "type": "ADVISORY",
      "url": "https://github.com/opencontainers/runc/security/advisories/GHSA-g54h-m393-cpwq"
    }
  ],
  "database_specific": {
    "url": "https://pkg.go.dev/vuln/GO-2022-0396",
    "review_status": "REVIEWED"
  }
}