{
  "schema_version": "1.3.1",
  "id": "GO-2022-0458",
  "modified": "0001-01-01T00:00:00Z",
  "published": "0001-01-01T00:00:00Z",
  "aliases": [
    "CVE-2022-29179",
    "GHSA-fmrf-gvjp-5j5g"
  ],
  "summary": "Improper Privilege Management in Cilium in github.com/cilium/cilium",
  "details": "Improper Privilege Management in Cilium in github.com/cilium/cilium",
  "affected": [
    {
      "package": {
        "name": "github.com/cilium/cilium",
        "ecosystem": "Go"
      },
      "ranges": [
        {
          "type": "SEMVER",
          "events": [
            {
              "introduced": "0"
            },
            {
              "fixed": "1.9.16"
            },
            {
              "introduced": "1.10.0"
            },
            {
              "fixed": "1.10.11"
            },
            {
              "introduced": "1.11.0"
            },
            {
              "fixed": "1.11.5"
            }
          ]
        }
      ],
      "ecosystem_specific": {}
    }
  ],
  "references": [
    {
      "type": "ADVISORY",
      "url": "https://github.com/cilium/cilium/security/advisories/GHSA-fmrf-gvjp-5j5g"
    },
    {
      "type": "ADVISORY",
      "url": "https://nvd.nist.gov/vuln/detail/CVE-2022-29179"
    },
    {
      "type": "WEB",
      "url": "https://github.com/cilium/cilium/releases/tag/v1.10.11"
    },
    {
      "type": "WEB",
      "url": "https://github.com/cilium/cilium/releases/tag/v1.11.5"
    },
    {
      "type": "WEB",
      "url": "https://github.com/cilium/cilium/releases/tag/v1.9.16"
    }
  ],
  "database_specific": {
    "url": "https://pkg.go.dev/vuln/GO-2022-0458",
    "review_status": "UNREVIEWED"
  }
}