{
  "schema_version": "1.3.1",
  "id": "GO-2022-0351",
  "modified": "0001-01-01T00:00:00Z",
  "published": "0001-01-01T00:00:00Z",
  "aliases": [
    "CVE-2022-26652",
    "GHSA-6h3m-36w8-hv68"
  ],
  "summary": "Arbitrary file write in nats-server in github.com/nats-io/nats-server",
  "details": "Arbitrary file write in nats-server in github.com/nats-io/nats-server",
  "affected": [
    {
      "package": {
        "name": "github.com/nats-io/nats-server",
        "ecosystem": "Go"
      },
      "ranges": [
        {
          "type": "SEMVER",
          "events": [
            {
              "introduced": "0"
            }
          ]
        }
      ],
      "ecosystem_specific": {}
    },
    {
      "package": {
        "name": "github.com/nats-io/nats-server/v2",
        "ecosystem": "Go"
      },
      "ranges": [
        {
          "type": "SEMVER",
          "events": [
            {
              "introduced": "2.2.0"
            },
            {
              "fixed": "2.7.4"
            }
          ]
        }
      ],
      "ecosystem_specific": {}
    },
    {
      "package": {
        "name": "github.com/nats-io/nats-streaming-server",
        "ecosystem": "Go"
      },
      "ranges": [
        {
          "type": "SEMVER",
          "events": [
            {
              "introduced": "0.15.0"
            },
            {
              "fixed": "0.24.3"
            }
          ]
        }
      ],
      "ecosystem_specific": {}
    }
  ],
  "references": [
    {
      "type": "ADVISORY",
      "url": "https://github.com/nats-io/nats-server/security/advisories/GHSA-6h3m-36w8-hv68"
    },
    {
      "type": "ADVISORY",
      "url": "https://nvd.nist.gov/vuln/detail/CVE-2022-26652"
    },
    {
      "type": "FIX",
      "url": "https://github.com/nats-io/nats-server/pull/2917"
    },
    {
      "type": "WEB",
      "url": "http://www.openwall.com/lists/oss-security/2022/03/10/1"
    },
    {
      "type": "WEB",
      "url": "https://advisories.nats.io/CVE/CVE-2022-26652.txt"
    },
    {
      "type": "WEB",
      "url": "https://github.com/nats-io/nats-server/releases"
    },
    {
      "type": "WEB",
      "url": "https://github.com/nats-io/nats-server/releases/tag/v2.7.4"
    },
    {
      "type": "WEB",
      "url": "https://github.com/nats-io/nats-streaming-server/releases/tag/v0.24.3"
    }
  ],
  "database_specific": {
    "url": "https://pkg.go.dev/vuln/GO-2022-0351",
    "review_status": "UNREVIEWED"
  }
}