{
  "schema_version": "1.3.1",
  "id": "GO-2022-0780",
  "modified": "0001-01-01T00:00:00Z",
  "published": "0001-01-01T00:00:00Z",
  "aliases": [
    "CVE-2019-20933",
    "GHSA-2rmp-fw5r-j5qv"
  ],
  "summary": "Improper Authentication in InfluxDB in github.com/influxdata/influxdb",
  "details": "Improper Authentication in InfluxDB in github.com/influxdata/influxdb",
  "affected": [
    {
      "package": {
        "name": "github.com/influxdata/influxdb",
        "ecosystem": "Go"
      },
      "ranges": [
        {
          "type": "SEMVER",
          "events": [
            {
              "introduced": "0"
            },
            {
              "fixed": "1.7.6"
            }
          ]
        }
      ],
      "ecosystem_specific": {}
    }
  ],
  "references": [
    {
      "type": "ADVISORY",
      "url": "https://github.com/advisories/GHSA-2rmp-fw5r-j5qv"
    },
    {
      "type": "ADVISORY",
      "url": "https://nvd.nist.gov/vuln/detail/CVE-2019-20933"
    },
    {
      "type": "FIX",
      "url": "https://github.com/influxdata/influxdb/commit/761b557315ff9c1642cf3b0e5797cd3d983a24c0"
    },
    {
      "type": "REPORT",
      "url": "https://github.com/influxdata/influxdb/issues/12927"
    },
    {
      "type": "WEB",
      "url": "https://github.com/influxdata/influxdb/compare/v1.7.5...v1.7.6"
    },
    {
      "type": "WEB",
      "url": "https://github.com/ticarpi/jwt_tool/blob/a6ca3e0524a204b5add070bc6874cb4e7e5a9864/jwt_tool.py#L1368"
    },
    {
      "type": "WEB",
      "url": "https://lists.debian.org/debian-lts-announce/2020/12/msg00030.html"
    },
    {
      "type": "WEB",
      "url": "https://www.debian.org/security/2021/dsa-4823"
    }
  ],
  "database_specific": {
    "url": "https://pkg.go.dev/vuln/GO-2022-0780",
    "review_status": "UNREVIEWED"
  }
}