{
  "schema_version": "1.3.1",
  "id": "GO-2022-0456",
  "modified": "0001-01-01T00:00:00Z",
  "published": "0001-01-01T00:00:00Z",
  "aliases": [
    "CVE-2022-29177",
    "GHSA-wjxw-gh3m-7pm5"
  ],
  "summary": "DoS via malicious p2p message in Go Ethereum in github.com/ethereum/go-ethereum",
  "details": "DoS via malicious p2p message in Go Ethereum in github.com/ethereum/go-ethereum",
  "affected": [
    {
      "package": {
        "name": "github.com/ethereum/go-ethereum",
        "ecosystem": "Go"
      },
      "ranges": [
        {
          "type": "SEMVER",
          "events": [
            {
              "introduced": "0"
            },
            {
              "fixed": "1.10.17"
            }
          ]
        }
      ],
      "ecosystem_specific": {}
    }
  ],
  "references": [
    {
      "type": "ADVISORY",
      "url": "https://github.com/ethereum/go-ethereum/security/advisories/GHSA-wjxw-gh3m-7pm5"
    },
    {
      "type": "FIX",
      "url": "https://github.com/ethereum/go-ethereum/pull/24507"
    }
  ],
  "database_specific": {
    "url": "https://pkg.go.dev/vuln/GO-2022-0456",
    "review_status": "REVIEWED"
  }
}