{
  "schema_version": "1.3.1",
  "id": "GO-2022-0873",
  "modified": "0001-01-01T00:00:00Z",
  "published": "0001-01-01T00:00:00Z",
  "aliases": [
    "CVE-2020-26283",
    "GHSA-r4gv-vj59-cccm"
  ],
  "summary": "Control character injection in console output in github.com/ipfs/go-ipfs",
  "details": "Control character injection in console output in github.com/ipfs/go-ipfs",
  "affected": [
    {
      "package": {
        "name": "github.com/ipfs/go-ipfs",
        "ecosystem": "Go"
      },
      "ranges": [
        {
          "type": "SEMVER",
          "events": [
            {
              "introduced": "0"
            },
            {
              "fixed": "0.8.0"
            }
          ]
        }
      ],
      "ecosystem_specific": {}
    }
  ],
  "references": [
    {
      "type": "ADVISORY",
      "url": "https://github.com/ipfs/go-ipfs/security/advisories/GHSA-r4gv-vj59-cccm"
    },
    {
      "type": "ADVISORY",
      "url": "https://nvd.nist.gov/vuln/detail/CVE-2020-26283"
    },
    {
      "type": "FIX",
      "url": "https://github.com/ipfs/go-ipfs/commit/fb0a9acd2d8288bd1028c3219a420de62a09683a"
    },
    {
      "type": "FIX",
      "url": "https://github.com/ipfs/go-ipfs/pull/7831"
    }
  ],
  "database_specific": {
    "url": "https://pkg.go.dev/vuln/GO-2022-0873",
    "review_status": "UNREVIEWED"
  }
}