{
  "schema_version": "1.3.1",
  "id": "GO-2022-0348",
  "modified": "0001-01-01T00:00:00Z",
  "published": "0001-01-01T00:00:00Z",
  "aliases": [
    "CVE-2022-24738",
    "GHSA-5jgq-x857-p8xw"
  ],
  "summary": "Account compromise in Evmos in github.com/tharsis/evmos",
  "details": "Account compromise in Evmos in github.com/tharsis/evmos",
  "affected": [
    {
      "package": {
        "name": "github.com/tharsis/evmos",
        "ecosystem": "Go"
      },
      "ranges": [
        {
          "type": "SEMVER",
          "events": [
            {
              "introduced": "0"
            }
          ]
        }
      ],
      "ecosystem_specific": {}
    },
    {
      "package": {
        "name": "github.com/tharsis/evmos/v2",
        "ecosystem": "Go"
      },
      "ranges": [
        {
          "type": "SEMVER",
          "events": [
            {
              "introduced": "0"
            },
            {
              "fixed": "2.0.1"
            }
          ]
        }
      ],
      "ecosystem_specific": {}
    }
  ],
  "references": [
    {
      "type": "ADVISORY",
      "url": "https://github.com/tharsis/evmos/security/advisories/GHSA-5jgq-x857-p8xw"
    },
    {
      "type": "ADVISORY",
      "url": "https://nvd.nist.gov/vuln/detail/CVE-2022-24738"
    },
    {
      "type": "FIX",
      "url": "https://github.com/tharsis/evmos/commit/28870258d4ee9f1b8aeef5eba891681f89348f71"
    },
    {
      "type": "WEB",
      "url": "https://github.com/tharsis/evmos/releases/tag/v2.0.1"
    }
  ],
  "database_specific": {
    "url": "https://pkg.go.dev/vuln/GO-2022-0348",
    "review_status": "UNREVIEWED"
  }
}