{
  "schema_version": "1.3.1",
  "id": "GO-2022-0617",
  "modified": "0001-01-01T00:00:00Z",
  "published": "0001-01-01T00:00:00Z",
  "withdrawn": "2024-08-21T16:25:56Z",
  "aliases": [
    "CVE-2020-8562",
    "GHSA-qh36-44jv-c8xj"
  ],
  "summary": "WITHDRAWN: Potential proxy IP restriction bypass in Kubernetes in k8s.io/kubernetes",
  "details": "(This report has been withdrawn from the Go vulnerability database with reason: \"Low severity issue with no fix available or planned. Likely to cause false positives.\").",
  "affected": [
    {
      "package": {
        "name": "k8s.io/kubernetes",
        "ecosystem": "Go"
      },
      "ranges": [
        {
          "type": "SEMVER",
          "events": [
            {
              "introduced": "0"
            }
          ]
        }
      ],
      "ecosystem_specific": {}
    }
  ],
  "references": [
    {
      "type": "ADVISORY",
      "url": "https://github.com/advisories/GHSA-qh36-44jv-c8xj"
    },
    {
      "type": "WEB",
      "url": "https://github.com/kubernetes/kubernetes/issues/101493"
    },
    {
      "type": "WEB",
      "url": "https://github.com/kubernetes/kubernetes/issues/101493#issuecomment-2272095629"
    },
    {
      "type": "WEB",
      "url": "https://groups.google.com/g/kubernetes-security-announce/c/-MFX60_wdOY"
    },
    {
      "type": "WEB",
      "url": "https://security.netapp.com/advisory/ntap-20220225-0002"
    }
  ],
  "database_specific": {
    "url": "https://pkg.go.dev/vuln/GO-2022-0617",
    "review_status": "REVIEWED"
  }
}