{
  "schema_version": "1.3.1",
  "id": "GO-2022-0354",
  "modified": "0001-01-01T00:00:00Z",
  "published": "0001-01-01T00:00:00Z",
  "aliases": [
    "CVE-2022-0811",
    "GHSA-6x2m-w449-qwx7"
  ],
  "summary": "Code Injection in CRI-O in github.com/cri-o/cri-o",
  "details": "Code Injection in CRI-O in github.com/cri-o/cri-o",
  "affected": [
    {
      "package": {
        "name": "github.com/cri-o/cri-o",
        "ecosystem": "Go"
      },
      "ranges": [
        {
          "type": "SEMVER",
          "events": [
            {
              "introduced": "1.19.0"
            },
            {
              "fixed": "1.19.6"
            },
            {
              "introduced": "1.20.0"
            },
            {
              "fixed": "1.20.7"
            },
            {
              "introduced": "1.21.0"
            },
            {
              "fixed": "1.21.6"
            },
            {
              "introduced": "1.22.0"
            },
            {
              "fixed": "1.22.3"
            },
            {
              "introduced": "1.23.0"
            },
            {
              "fixed": "1.23.2"
            }
          ]
        }
      ],
      "ecosystem_specific": {}
    }
  ],
  "references": [
    {
      "type": "ADVISORY",
      "url": "https://github.com/cri-o/cri-o/security/advisories/GHSA-6x2m-w449-qwx7"
    },
    {
      "type": "ADVISORY",
      "url": "https://nvd.nist.gov/vuln/detail/CVE-2022-0811"
    },
    {
      "type": "WEB",
      "url": "https://access.redhat.com/security/cve/CVE-2022-0811"
    },
    {
      "type": "WEB",
      "url": "https://bugs.gentoo.org/835336"
    },
    {
      "type": "WEB",
      "url": "https://bugzilla.redhat.com/show_bug.cgi?id=2059475"
    },
    {
      "type": "WEB",
      "url": "https://www.crowdstrike.com/blog/cr8escape-zero-day-vulnerability-discovered-in-cri-o-container-engine-cve-2022-0811"
    }
  ],
  "database_specific": {
    "url": "https://pkg.go.dev/vuln/GO-2022-0354",
    "review_status": "UNREVIEWED"
  }
}