{
  "schema_version": "1.3.1",
  "id": "GO-2022-0353",
  "modified": "0001-01-01T00:00:00Z",
  "published": "0001-01-01T00:00:00Z",
  "aliases": [
    "CVE-2021-29134",
    "GHSA-h3q4-vmw4-cpr5"
  ],
  "summary": "Path Traversal in Gitea in code.gitea.io/gitea",
  "details": "Path Traversal in Gitea in code.gitea.io/gitea",
  "affected": [
    {
      "package": {
        "name": "code.gitea.io/gitea",
        "ecosystem": "Go"
      },
      "ranges": [
        {
          "type": "SEMVER",
          "events": [
            {
              "introduced": "0"
            },
            {
              "fixed": "1.13.6"
            }
          ]
        }
      ],
      "ecosystem_specific": {}
    }
  ],
  "references": [
    {
      "type": "ADVISORY",
      "url": "https://github.com/advisories/GHSA-h3q4-vmw4-cpr5"
    },
    {
      "type": "ADVISORY",
      "url": "https://nvd.nist.gov/vuln/detail/CVE-2021-29134"
    },
    {
      "type": "WEB",
      "url": "https://github.com/go-gitea/gitea/pull/15125/files"
    },
    {
      "type": "WEB",
      "url": "https://github.com/go-gitea/gitea/releases"
    },
    {
      "type": "WEB",
      "url": "https://github.com/go-gitea/gitea/releases/tag/v1.13.6"
    }
  ],
  "database_specific": {
    "url": "https://pkg.go.dev/vuln/GO-2022-0353",
    "review_status": "UNREVIEWED"
  }
}