{
  "schema_version": "1.3.1",
  "id": "GO-2022-0779",
  "modified": "0001-01-01T00:00:00Z",
  "published": "0001-01-01T00:00:00Z",
  "aliases": [
    "CVE-2020-26279",
    "GHSA-27pv-q55r-222g"
  ],
  "summary": "Path traversal in github.com/ipfs/go-ipfs",
  "details": "Path traversal in github.com/ipfs/go-ipfs",
  "affected": [
    {
      "package": {
        "name": "github.com/ipfs/go-ipfs",
        "ecosystem": "Go"
      },
      "ranges": [
        {
          "type": "SEMVER",
          "events": [
            {
              "introduced": "0"
            },
            {
              "fixed": "0.8.0"
            }
          ]
        }
      ],
      "ecosystem_specific": {}
    }
  ],
  "references": [
    {
      "type": "ADVISORY",
      "url": "https://github.com/ipfs/go-ipfs/security/advisories/GHSA-27pv-q55r-222g"
    },
    {
      "type": "ADVISORY",
      "url": "https://nvd.nist.gov/vuln/detail/CVE-2020-26279"
    },
    {
      "type": "FIX",
      "url": "https://github.com/ipfs/go-ipfs/commit/b7ddba7fe47dee5b1760b8ffe897908417e577b2"
    },
    {
      "type": "WEB",
      "url": "https://github.com/whyrusleeping/tar-utils/commit/20a61371de5b51380bbdb0c7935b30b0625ac227"
    }
  ],
  "database_specific": {
    "url": "https://pkg.go.dev/vuln/GO-2022-0779",
    "review_status": "UNREVIEWED"
  }
}