{
  "schema_version": "1.3.1",
  "id": "GO-2022-0392",
  "modified": "0001-01-01T00:00:00Z",
  "published": "0001-01-01T00:00:00Z",
  "aliases": [
    "GHSA-m6gx-rhvj-fh52"
  ],
  "summary": "Denial of service in go-ethereum due to CVE-2020-28362 in github.com/ethereum/go-ethereum",
  "details": "Denial of service in go-ethereum due to CVE-2020-28362 in github.com/ethereum/go-ethereum",
  "affected": [
    {
      "package": {
        "name": "github.com/ethereum/go-ethereum",
        "ecosystem": "Go"
      },
      "ranges": [
        {
          "type": "SEMVER",
          "events": [
            {
              "introduced": "0"
            },
            {
              "fixed": "1.9.24"
            }
          ]
        }
      ],
      "ecosystem_specific": {}
    }
  ],
  "references": [
    {
      "type": "ADVISORY",
      "url": "https://github.com/ethereum/go-ethereum/security/advisories/GHSA-m6gx-rhvj-fh52"
    }
  ],
  "database_specific": {
    "url": "https://pkg.go.dev/vuln/GO-2022-0392",
    "review_status": "REVIEWED"
  }
}