{
  "schema_version": "1.3.1",
  "id": "GO-2022-0798",
  "modified": "0001-01-01T00:00:00Z",
  "published": "0001-01-01T00:00:00Z",
  "aliases": [
    "CVE-2021-22538",
    "GHSA-5v95-v8c8-3rh6"
  ],
  "summary": "Privilege escalation in rbac in github.com/google/exposure-notifications-verification-server",
  "details": "Privilege escalation in rbac in github.com/google/exposure-notifications-verification-server",
  "affected": [
    {
      "package": {
        "name": "github.com/google/exposure-notifications-verification-server",
        "ecosystem": "Go"
      },
      "ranges": [
        {
          "type": "SEMVER",
          "events": [
            {
              "introduced": "0"
            },
            {
              "fixed": "0.23.1"
            }
          ]
        }
      ],
      "ecosystem_specific": {}
    }
  ],
  "references": [
    {
      "type": "ADVISORY",
      "url": "https://github.com/google/exposure-notifications-verification-server/security/advisories/GHSA-5v95-v8c8-3rh6"
    },
    {
      "type": "ADVISORY",
      "url": "https://nvd.nist.gov/vuln/detail/CVE-2021-22538"
    },
    {
      "type": "FIX",
      "url": "https://github.com/google/exposure-notifications-verification-server/commit/eb8cf40b12dbe79304f1133c06fb73419383cd95"
    },
    {
      "type": "WEB",
      "url": "https://github.com/google/exposure-notifications-verification-server/releases/tag/v0.23.1"
    },
    {
      "type": "WEB",
      "url": "https://github.com/google/exposure-notifications-verification-server/releases/tag/v0.24.0"
    }
  ],
  "database_specific": {
    "url": "https://pkg.go.dev/vuln/GO-2022-0798",
    "review_status": "UNREVIEWED"
  }
}