{
  "schema_version": "1.3.1",
  "id": "GO-2022-0879",
  "modified": "0001-01-01T00:00:00Z",
  "published": "0001-01-01T00:00:00Z",
  "aliases": [
    "CVE-2020-13250",
    "GHSA-rqjq-mrgx-85hp"
  ],
  "summary": "Allocation of Resources Without Limits or Throttling in Hashicorp Consul in github.com/hashicorp/consul",
  "details": "Allocation of Resources Without Limits or Throttling in Hashicorp Consul in github.com/hashicorp/consul",
  "affected": [
    {
      "package": {
        "name": "github.com/hashicorp/consul",
        "ecosystem": "Go"
      },
      "ranges": [
        {
          "type": "SEMVER",
          "events": [
            {
              "introduced": "1.2.0"
            },
            {
              "fixed": "1.6.6"
            },
            {
              "introduced": "1.7.0"
            },
            {
              "fixed": "1.7.4"
            }
          ]
        }
      ],
      "ecosystem_specific": {}
    }
  ],
  "references": [
    {
      "type": "ADVISORY",
      "url": "https://github.com/advisories/GHSA-rqjq-mrgx-85hp"
    },
    {
      "type": "ADVISORY",
      "url": "https://nvd.nist.gov/vuln/detail/CVE-2020-13250"
    },
    {
      "type": "FIX",
      "url": "https://github.com/hashicorp/consul/commit/72f92ae7ca4cabc1dc3069362a9b64ef46941432"
    },
    {
      "type": "FIX",
      "url": "https://github.com/hashicorp/consul/pull/8023"
    },
    {
      "type": "WEB",
      "url": "https://github.com/hashicorp/consul/blob/v1.6.6/CHANGELOG.md"
    },
    {
      "type": "WEB",
      "url": "https://github.com/hashicorp/consul/blob/v1.7.4/CHANGELOG.md"
    }
  ],
  "database_specific": {
    "url": "https://pkg.go.dev/vuln/GO-2022-0879",
    "review_status": "UNREVIEWED"
  }
}