{
  "schema_version": "1.3.1",
  "id": "GO-2022-0708",
  "modified": "0001-01-01T00:00:00Z",
  "published": "0001-01-01T00:00:00Z",
  "aliases": [
    "CVE-2015-3631",
    "GHSA-v4h8-794j-g8mm"
  ],
  "summary": "Arbitrary File Override in Docker Engine in github.com/docker/docker",
  "details": "Arbitrary File Override in Docker Engine in github.com/docker/docker",
  "affected": [
    {
      "package": {
        "name": "github.com/docker/docker",
        "ecosystem": "Go"
      },
      "ranges": [
        {
          "type": "SEMVER",
          "events": [
            {
              "introduced": "0"
            },
            {
              "fixed": "1.6.1"
            }
          ]
        }
      ],
      "ecosystem_specific": {}
    }
  ],
  "references": [
    {
      "type": "ADVISORY",
      "url": "https://github.com/advisories/GHSA-v4h8-794j-g8mm"
    },
    {
      "type": "ADVISORY",
      "url": "https://nvd.nist.gov/vuln/detail/CVE-2015-3631"
    },
    {
      "type": "WEB",
      "url": "http://lists.opensuse.org/opensuse-updates/2015-05/msg00023.html"
    },
    {
      "type": "WEB",
      "url": "http://packetstormsecurity.com/files/131835/Docker-Privilege-Escalation-Information-Disclosure.html"
    },
    {
      "type": "WEB",
      "url": "http://seclists.org/fulldisclosure/2015/May/28"
    },
    {
      "type": "WEB",
      "url": "https://github.com/moby/moby/compare/769acfec2928c47a35da5357d854145b1036448d...b6a9dc399be31c531e3753104e10d74760ed75a2"
    },
    {
      "type": "WEB",
      "url": "https://groups.google.com/forum/#%21searchin/docker-user/1.6.1/docker-user/47GZrihtr-4/nwgeOOFLexIJ"
    },
    {
      "type": "WEB",
      "url": "https://web.nvd.nist.gov/view/vuln/detail?vulnId=CVE-2015-3631"
    }
  ],
  "database_specific": {
    "url": "https://pkg.go.dev/vuln/GO-2022-0708",
    "review_status": "UNREVIEWED"
  }
}