{
  "schema_version": "1.3.1",
  "id": "GO-2022-0307",
  "modified": "0001-01-01T00:00:00Z",
  "published": "0001-01-01T00:00:00Z",
  "aliases": [
    "CVE-2022-24450",
    "GHSA-g6w6-r76c-28j7"
  ],
  "summary": "Incorrect Authorization in NATS nats-server in github.com/nats-io/nats-server",
  "details": "Incorrect Authorization in NATS nats-server in github.com/nats-io/nats-server",
  "affected": [
    {
      "package": {
        "name": "github.com/nats-io/nats-server",
        "ecosystem": "Go"
      },
      "ranges": [
        {
          "type": "SEMVER",
          "events": [
            {
              "introduced": "0"
            }
          ]
        }
      ],
      "ecosystem_specific": {}
    },
    {
      "package": {
        "name": "github.com/nats-io/nats-server/v2",
        "ecosystem": "Go"
      },
      "ranges": [
        {
          "type": "SEMVER",
          "events": [
            {
              "introduced": "2.0.0"
            },
            {
              "fixed": "2.7.2"
            }
          ]
        }
      ],
      "ecosystem_specific": {}
    },
    {
      "package": {
        "name": "github.com/nats-io/nats-streaming-server",
        "ecosystem": "Go"
      },
      "ranges": [
        {
          "type": "SEMVER",
          "events": [
            {
              "introduced": "0.15.0"
            },
            {
              "fixed": "0.24.1"
            }
          ]
        }
      ],
      "ecosystem_specific": {}
    }
  ],
  "references": [
    {
      "type": "ADVISORY",
      "url": "https://github.com/nats-io/nats-server/security/advisories/GHSA-g6w6-r76c-28j7"
    },
    {
      "type": "ADVISORY",
      "url": "https://nvd.nist.gov/vuln/detail/CVE-2022-24450"
    },
    {
      "type": "WEB",
      "url": "https://advisories.nats.io/CVE/CVE-2022-24450.txt"
    },
    {
      "type": "WEB",
      "url": "https://github.com/nats-io/nats-server/releases/tag/v2.7.2"
    }
  ],
  "database_specific": {
    "url": "https://pkg.go.dev/vuln/GO-2022-0307",
    "review_status": "UNREVIEWED"
  }
}