{
  "schema_version": "1.3.1",
  "id": "GO-2022-0562",
  "modified": "0001-01-01T00:00:00Z",
  "published": "0001-01-01T00:00:00Z",
  "aliases": [
    "CVE-2022-1993",
    "GHSA-6vcc-v9vw-g2x5"
  ],
  "summary": "Path Traversal in Git HTTP endpoints in Gogs in gogs.io/gogs",
  "details": "Path Traversal in Git HTTP endpoints in Gogs in gogs.io/gogs",
  "affected": [
    {
      "package": {
        "name": "gogs.io/gogs",
        "ecosystem": "Go"
      },
      "ranges": [
        {
          "type": "SEMVER",
          "events": [
            {
              "introduced": "0"
            },
            {
              "fixed": "0.12.9"
            }
          ]
        }
      ],
      "ecosystem_specific": {}
    }
  ],
  "references": [
    {
      "type": "ADVISORY",
      "url": "https://github.com/gogs/gogs/security/advisories/GHSA-6vcc-v9vw-g2x5"
    },
    {
      "type": "ADVISORY",
      "url": "https://nvd.nist.gov/vuln/detail/CVE-2022-1993"
    },
    {
      "type": "WEB",
      "url": "https://github.com/gogs/gogs/commit/9bf748b6c4c9a17d3aa77f6b9abcfae65451febf"
    },
    {
      "type": "WEB",
      "url": "https://github.com/gogs/gogs/issues/7002"
    },
    {
      "type": "WEB",
      "url": "https://huntr.dev/bounties/22f9c074-cf60-4c67-b5c4-72fdf312609d"
    }
  ],
  "database_specific": {
    "url": "https://pkg.go.dev/vuln/GO-2022-0562",
    "review_status": "UNREVIEWED"
  }
}