{
  "schema_version": "1.3.1",
  "id": "GO-2022-0560",
  "modified": "0001-01-01T00:00:00Z",
  "published": "0001-01-01T00:00:00Z",
  "aliases": [
    "CVE-2022-24684",
    "GHSA-6jm6-cmcp-fqjq"
  ],
  "summary": "Nomad Spread Job Stanza May Trigger Panic in Servers in github.com/hashicorp/nomad",
  "details": "Nomad Spread Job Stanza May Trigger Panic in Servers in github.com/hashicorp/nomad",
  "affected": [
    {
      "package": {
        "name": "github.com/hashicorp/nomad",
        "ecosystem": "Go"
      },
      "ranges": [
        {
          "type": "SEMVER",
          "events": [
            {
              "introduced": "0.9.0"
            },
            {
              "fixed": "1.0.18"
            },
            {
              "introduced": "1.1.0"
            },
            {
              "fixed": "1.1.12"
            },
            {
              "introduced": "1.2.0"
            },
            {
              "fixed": "1.2.6"
            }
          ]
        }
      ],
      "ecosystem_specific": {}
    }
  ],
  "references": [
    {
      "type": "ADVISORY",
      "url": "https://github.com/advisories/GHSA-6jm6-cmcp-fqjq"
    },
    {
      "type": "ADVISORY",
      "url": "https://nvd.nist.gov/vuln/detail/CVE-2022-24684"
    },
    {
      "type": "WEB",
      "url": "https://discuss.hashicorp.com/t/hcsec-2022-04-nomad-spread-job-stanza-may-trigger-panic-in-servers"
    },
    {
      "type": "WEB",
      "url": "https://discuss.hashicorp.com/t/hcsec-2022-04-nomad-spread-job-stanza-may-trigger-panic-in-servers/35562"
    },
    {
      "type": "WEB",
      "url": "https://security.netapp.com/advisory/ntap-20220318-0008"
    }
  ],
  "database_specific": {
    "url": "https://pkg.go.dev/vuln/GO-2022-0560",
    "review_status": "UNREVIEWED"
  }
}