{
  "schema_version": "1.3.1",
  "id": "GO-2022-0305",
  "modified": "0001-01-01T00:00:00Z",
  "published": "0001-01-01T00:00:00Z",
  "aliases": [
    "CVE-2021-41090",
    "GHSA-9c4x-5hgq-q3wh"
  ],
  "summary": "Instance config inline secret exposure in Grafana in github.com/grafana/agent",
  "details": "Instance config inline secret exposure in Grafana in github.com/grafana/agent",
  "affected": [
    {
      "package": {
        "name": "github.com/grafana/agent",
        "ecosystem": "Go"
      },
      "ranges": [
        {
          "type": "SEMVER",
          "events": [
            {
              "introduced": "0.14.0"
            },
            {
              "fixed": "0.21.2"
            }
          ]
        }
      ],
      "ecosystem_specific": {}
    }
  ],
  "references": [
    {
      "type": "ADVISORY",
      "url": "https://github.com/grafana/agent/security/advisories/GHSA-9c4x-5hgq-q3wh"
    },
    {
      "type": "ADVISORY",
      "url": "https://nvd.nist.gov/vuln/detail/CVE-2021-41090"
    },
    {
      "type": "FIX",
      "url": "https://github.com/grafana/agent/commit/a5479755e946e5c7cddb793ee9adda8f5692ba11"
    },
    {
      "type": "FIX",
      "url": "https://github.com/grafana/agent/commit/af7fb01e31fe2d389e5f1c36b399ddc46b412b21"
    },
    {
      "type": "FIX",
      "url": "https://github.com/grafana/agent/pull/1152"
    },
    {
      "type": "WEB",
      "url": "https://github.com/grafana/agent/releases/tag/v0.20.1"
    },
    {
      "type": "WEB",
      "url": "https://github.com/grafana/agent/releases/tag/v0.21.2"
    },
    {
      "type": "WEB",
      "url": "https://security.netapp.com/advisory/ntap-20211229-0004"
    }
  ],
  "database_specific": {
    "url": "https://pkg.go.dev/vuln/GO-2022-0305",
    "review_status": "UNREVIEWED"
  }
}