{
  "schema_version": "1.3.1",
  "id": "GO-2022-0495",
  "modified": "0001-01-01T00:00:00Z",
  "published": "0001-01-01T00:00:00Z",
  "aliases": [
    "CVE-2022-31016",
    "GHSA-jhqp-vf4w-rpwq"
  ],
  "summary": "DoS through large manifest files in Argo CD in github.com/argoproj/argo-cd",
  "details": "DoS through large manifest files in Argo CD in github.com/argoproj/argo-cd",
  "affected": [
    {
      "package": {
        "name": "github.com/argoproj/argo-cd",
        "ecosystem": "Go"
      },
      "ranges": [
        {
          "type": "SEMVER",
          "events": [
            {
              "introduced": "0.7.0"
            }
          ]
        }
      ],
      "ecosystem_specific": {}
    },
    {
      "package": {
        "name": "github.com/argoproj/argo-cd/v2",
        "ecosystem": "Go"
      },
      "ranges": [
        {
          "type": "SEMVER",
          "events": [
            {
              "introduced": "0"
            },
            {
              "fixed": "2.1.16"
            },
            {
              "introduced": "2.2.0"
            },
            {
              "fixed": "2.2.10"
            },
            {
              "introduced": "2.3.0"
            },
            {
              "fixed": "2.3.5"
            },
            {
              "introduced": "2.4.0"
            },
            {
              "fixed": "2.4.1"
            }
          ]
        }
      ],
      "ecosystem_specific": {}
    }
  ],
  "references": [
    {
      "type": "ADVISORY",
      "url": "https://github.com/argoproj/argo-cd/security/advisories/GHSA-jhqp-vf4w-rpwq"
    },
    {
      "type": "ADVISORY",
      "url": "https://nvd.nist.gov/vuln/detail/CVE-2022-31016"
    }
  ],
  "database_specific": {
    "url": "https://pkg.go.dev/vuln/GO-2022-0495",
    "review_status": "UNREVIEWED"
  }
}