{
  "schema_version": "1.3.1",
  "id": "GO-2022-0372",
  "modified": "0001-01-01T00:00:00Z",
  "published": "0001-01-01T00:00:00Z",
  "aliases": [
    "CVE-2023-36474",
    "GHSA-m36x-mgfh-8g78"
  ],
  "summary": "Subdomain Takeover in Interactsh server in github.com/projectdiscovery/interactsh",
  "details": "Subdomain Takeover in Interactsh server in github.com/projectdiscovery/interactsh",
  "affected": [
    {
      "package": {
        "name": "github.com/projectdiscovery/interactsh",
        "ecosystem": "Go"
      },
      "ranges": [
        {
          "type": "SEMVER",
          "events": [
            {
              "introduced": "0"
            },
            {
              "fixed": "1.0.0"
            }
          ]
        }
      ],
      "ecosystem_specific": {}
    }
  ],
  "references": [
    {
      "type": "ADVISORY",
      "url": "https://github.com/projectdiscovery/interactsh/security/advisories/GHSA-m36x-mgfh-8g78"
    },
    {
      "type": "ADVISORY",
      "url": "https://nvd.nist.gov/vuln/detail/CVE-2023-36474"
    },
    {
      "type": "FIX",
      "url": "https://github.com/projectdiscovery/interactsh/pull/155"
    },
    {
      "type": "REPORT",
      "url": "https://github.com/projectdiscovery/interactsh/issues/136"
    },
    {
      "type": "WEB",
      "url": "https://labs.detectify.com/2014/10/21/hostile-subdomain-takeover-using-herokugithubdesk-more"
    }
  ],
  "database_specific": {
    "url": "https://pkg.go.dev/vuln/GO-2022-0372",
    "review_status": "UNREVIEWED"
  }
}