{
  "schema_version": "1.3.1",
  "id": "GO-2022-0609",
  "modified": "0001-01-01T00:00:00Z",
  "published": "0001-01-01T00:00:00Z",
  "aliases": [
    "CVE-2022-0905",
    "GHSA-jr9c-h74f-2v28"
  ],
  "summary": "Gitea Missing Authorization vulnerability in code.gitea.io/gitea",
  "details": "Gitea Missing Authorization vulnerability in code.gitea.io/gitea",
  "affected": [
    {
      "package": {
        "name": "code.gitea.io/gitea",
        "ecosystem": "Go"
      },
      "ranges": [
        {
          "type": "SEMVER",
          "events": [
            {
              "introduced": "0"
            },
            {
              "fixed": "1.16.4"
            }
          ]
        }
      ],
      "ecosystem_specific": {}
    }
  ],
  "references": [
    {
      "type": "ADVISORY",
      "url": "https://github.com/advisories/GHSA-jr9c-h74f-2v28"
    },
    {
      "type": "ADVISORY",
      "url": "https://nvd.nist.gov/vuln/detail/CVE-2022-0905"
    },
    {
      "type": "WEB",
      "url": "https://github.com/go-gitea/gitea/commit/1314f38b59748397b3429fb9bc9f9d6bac85d2f2"
    },
    {
      "type": "WEB",
      "url": "https://github.com/go-gitea/gitea/commit/3e5c844a7758fa29126d201f4f98bf21bca6d314"
    },
    {
      "type": "WEB",
      "url": "https://huntr.dev/bounties/8d221f92-b2b1-4878-bc31-66ff272e5ceb"
    }
  ],
  "database_specific": {
    "url": "https://pkg.go.dev/vuln/GO-2022-0609",
    "review_status": "UNREVIEWED"
  }
}