{
  "schema_version": "1.3.1",
  "id": "GO-2022-0812",
  "modified": "0001-01-01T00:00:00Z",
  "published": "0001-01-01T00:00:00Z",
  "aliases": [
    "CVE-2021-21432",
    "GHSA-8j3f-mhq8-gmh4"
  ],
  "summary": "Reject unauthorized access with GitHub PATs in github.com/go-vela/server",
  "details": "Reject unauthorized access with GitHub PATs in github.com/go-vela/server",
  "affected": [
    {
      "package": {
        "name": "github.com/go-vela/server",
        "ecosystem": "Go"
      },
      "ranges": [
        {
          "type": "SEMVER",
          "events": [
            {
              "introduced": "0.7.0"
            },
            {
              "fixed": "0.7.5"
            }
          ]
        }
      ],
      "ecosystem_specific": {}
    }
  ],
  "references": [
    {
      "type": "ADVISORY",
      "url": "https://github.com/go-vela/server/security/advisories/GHSA-8j3f-mhq8-gmh4"
    },
    {
      "type": "ADVISORY",
      "url": "https://nvd.nist.gov/vuln/detail/CVE-2021-21432"
    },
    {
      "type": "FIX",
      "url": "https://github.com/go-vela/server/commit/cb4352918b8ecace9fe969b90404d337b0744d46"
    },
    {
      "type": "FIX",
      "url": "https://github.com/go-vela/server/pull/337"
    },
    {
      "type": "WEB",
      "url": "https://github.com/go-vela/server/releases/tag/v0.7.5"
    },
    {
      "type": "WEB",
      "url": "https://pkg.go.dev/github.com/go-vela/server"
    }
  ],
  "database_specific": {
    "url": "https://pkg.go.dev/vuln/GO-2022-0812",
    "review_status": "UNREVIEWED"
  }
}