{
  "schema_version": "1.3.1",
  "id": "GO-2022-0570",
  "modified": "0001-01-01T00:00:00Z",
  "published": "0001-01-01T00:00:00Z",
  "aliases": [
    "CVE-2022-1992",
    "GHSA-994f-7g86-qr56"
  ],
  "summary": "Path Traversal in file editor on Windows in Gogs in gogs.io/gogs",
  "details": "Path Traversal in file editor on Windows in Gogs in gogs.io/gogs",
  "affected": [
    {
      "package": {
        "name": "gogs.io/gogs",
        "ecosystem": "Go"
      },
      "ranges": [
        {
          "type": "SEMVER",
          "events": [
            {
              "introduced": "0"
            },
            {
              "fixed": "0.12.9"
            }
          ]
        }
      ],
      "ecosystem_specific": {}
    }
  ],
  "references": [
    {
      "type": "ADVISORY",
      "url": "https://github.com/gogs/gogs/security/advisories/GHSA-994f-7g86-qr56"
    },
    {
      "type": "ADVISORY",
      "url": "https://nvd.nist.gov/vuln/detail/CVE-2022-1992"
    },
    {
      "type": "WEB",
      "url": "https://github.com/gogs/gogs/blob/f36eeedbf89328ee70cc3a2e239f6314f9021f58/conf/app.ini#L127-L129"
    },
    {
      "type": "WEB",
      "url": "https://github.com/gogs/gogs/commit/2ca014250fbf0bba94c914d9e43b1f6d8eca3bb0"
    },
    {
      "type": "WEB",
      "url": "https://huntr.dev/bounties/2e8cdc57-a9cf-46ae-9088-87f09e6c90ab"
    }
  ],
  "database_specific": {
    "url": "https://pkg.go.dev/vuln/GO-2022-0570",
    "review_status": "UNREVIEWED"
  }
}