{
  "schema_version": "1.3.1",
  "id": "GO-2022-0808",
  "modified": "0001-01-01T00:00:00Z",
  "published": "0001-01-01T00:00:00Z",
  "aliases": [
    "CVE-2020-9321",
    "GHSA-7h6j-2268-fhcm"
  ],
  "summary": "Improper Certificate Handling in github.com/containous/traefik",
  "details": "Improper Certificate Handling in github.com/containous/traefik",
  "affected": [
    {
      "package": {
        "name": "github.com/containous/traefik",
        "ecosystem": "Go"
      },
      "ranges": [
        {
          "type": "SEMVER",
          "events": [
            {
              "introduced": "0"
            }
          ]
        }
      ],
      "ecosystem_specific": {}
    },
    {
      "package": {
        "name": "github.com/containous/traefik/v2",
        "ecosystem": "Go"
      },
      "ranges": [
        {
          "type": "SEMVER",
          "events": [
            {
              "introduced": "0"
            },
            {
              "fixed": "2.1.4"
            }
          ]
        }
      ],
      "ecosystem_specific": {}
    },
    {
      "package": {
        "name": "github.com/traefik/traefik",
        "ecosystem": "Go"
      },
      "ranges": [
        {
          "type": "SEMVER",
          "events": [
            {
              "introduced": "0"
            }
          ]
        }
      ],
      "ecosystem_specific": {}
    }
  ],
  "references": [
    {
      "type": "ADVISORY",
      "url": "https://github.com/advisories/GHSA-7h6j-2268-fhcm"
    },
    {
      "type": "ADVISORY",
      "url": "https://nvd.nist.gov/vuln/detail/CVE-2020-9321"
    },
    {
      "type": "FIX",
      "url": "https://github.com/traefik/traefik/pull/6281"
    },
    {
      "type": "WEB",
      "url": "https://github.com/traefik/traefik/releases/tag/v2.1.4"
    }
  ],
  "database_specific": {
    "url": "https://pkg.go.dev/vuln/GO-2022-0808",
    "review_status": "UNREVIEWED"
  }
}