{
  "schema_version": "1.3.1",
  "id": "GO-2022-0794",
  "modified": "0001-01-01T00:00:00Z",
  "published": "0001-01-01T00:00:00Z",
  "aliases": [
    "CVE-2020-11091",
    "GHSA-59qg-grp7-5r73"
  ],
  "summary": "Weave Net clusters susceptible to MitM attacks via IPv6 rogue router advertisements in github.com/weaveworks/weave",
  "details": "Weave Net clusters susceptible to MitM attacks via IPv6 rogue router advertisements in github.com/weaveworks/weave",
  "affected": [
    {
      "package": {
        "name": "github.com/weaveworks/weave",
        "ecosystem": "Go"
      },
      "ranges": [
        {
          "type": "SEMVER",
          "events": [
            {
              "introduced": "0"
            },
            {
              "fixed": "2.6.3+incompatible"
            }
          ]
        }
      ],
      "ecosystem_specific": {}
    }
  ],
  "references": [
    {
      "type": "ADVISORY",
      "url": "https://github.com/weaveworks/weave/security/advisories/GHSA-59qg-grp7-5r73"
    },
    {
      "type": "ADVISORY",
      "url": "https://nvd.nist.gov/vuln/detail/CVE-2020-11091"
    },
    {
      "type": "FIX",
      "url": "https://github.com/weaveworks/weave/commit/15f21f1899060f7716c70a8555a084e836f39a60"
    }
  ],
  "database_specific": {
    "url": "https://pkg.go.dev/vuln/GO-2022-0794",
    "review_status": "UNREVIEWED"
  }
}