{
  "schema_version": "1.3.1",
  "id": "GO-2022-0451",
  "modified": "0001-01-01T00:00:00Z",
  "published": "0001-01-01T00:00:00Z",
  "aliases": [
    "CVE-2022-1706",
    "GHSA-hj57-j5cw-2mwp"
  ],
  "summary": "Ignition config accessible to unprivileged software on VMware in github.com/coreos/ignition",
  "details": "Ignition config accessible to unprivileged software on VMware in github.com/coreos/ignition",
  "affected": [
    {
      "package": {
        "name": "github.com/coreos/ignition",
        "ecosystem": "Go"
      },
      "ranges": [
        {
          "type": "SEMVER",
          "events": [
            {
              "introduced": "0"
            }
          ]
        }
      ],
      "ecosystem_specific": {}
    },
    {
      "package": {
        "name": "github.com/coreos/ignition/v2",
        "ecosystem": "Go"
      },
      "ranges": [
        {
          "type": "SEMVER",
          "events": [
            {
              "introduced": "0"
            },
            {
              "fixed": "2.14.0"
            }
          ]
        }
      ],
      "ecosystem_specific": {}
    }
  ],
  "references": [
    {
      "type": "ADVISORY",
      "url": "https://github.com/coreos/ignition/security/advisories/GHSA-hj57-j5cw-2mwp"
    },
    {
      "type": "FIX",
      "url": "https://github.com/coreos/ignition/pull/1350"
    },
    {
      "type": "REPORT",
      "url": "https://github.com/coreos/ignition/issues/1300"
    }
  ],
  "database_specific": {
    "url": "https://pkg.go.dev/vuln/GO-2022-0451",
    "review_status": "UNREVIEWED"
  }
}