{
  "schema_version": "1.3.1",
  "id": "GO-2022-0803",
  "modified": "0001-01-01T00:00:00Z",
  "published": "0001-01-01T00:00:00Z",
  "aliases": [
    "CVE-2020-15157",
    "GHSA-742w-89gc-8m9c"
  ],
  "summary": "containerd v1.2.x can be coerced into leaking credentials during image pull in github.com/containerd/containerd",
  "details": "containerd v1.2.x can be coerced into leaking credentials during image pull in github.com/containerd/containerd",
  "affected": [
    {
      "package": {
        "name": "github.com/containerd/containerd",
        "ecosystem": "Go"
      },
      "ranges": [
        {
          "type": "SEMVER",
          "events": [
            {
              "introduced": "0"
            },
            {
              "fixed": "1.2.14"
            }
          ]
        }
      ],
      "ecosystem_specific": {}
    }
  ],
  "references": [
    {
      "type": "ADVISORY",
      "url": "https://github.com/containerd/containerd/security/advisories/GHSA-742w-89gc-8m9c"
    },
    {
      "type": "ADVISORY",
      "url": "https://nvd.nist.gov/vuln/detail/CVE-2020-15157"
    },
    {
      "type": "FIX",
      "url": "https://github.com/containerd/containerd/commit/1ead8d9deb3b175bf40413b8c47b3d19c2262726"
    },
    {
      "type": "WEB",
      "url": "https://github.com/containerd/containerd/releases/tag/v1.2.14"
    },
    {
      "type": "WEB",
      "url": "https://usn.ubuntu.com/4589-1"
    },
    {
      "type": "WEB",
      "url": "https://usn.ubuntu.com/4589-2"
    },
    {
      "type": "WEB",
      "url": "https://www.debian.org/security/2021/dsa-4865"
    }
  ],
  "database_specific": {
    "url": "https://pkg.go.dev/vuln/GO-2022-0803",
    "review_status": "UNREVIEWED"
  }
}