{
  "schema_version": "1.3.1",
  "id": "GO-2022-0308",
  "modified": "0001-01-01T00:00:00Z",
  "published": "0001-01-01T00:00:00Z",
  "aliases": [
    "CVE-2021-45325",
    "GHSA-8h8p-x289-vvqr"
  ],
  "summary": "Gitea displaying raw OpenID error in UI in github.com/go-gitea/gitea",
  "details": "Gitea displaying raw OpenID error in UI in github.com/go-gitea/gitea",
  "affected": [
    {
      "package": {
        "name": "github.com/go-gitea/gitea",
        "ecosystem": "Go"
      },
      "ranges": [
        {
          "type": "SEMVER",
          "events": [
            {
              "introduced": "0"
            },
            {
              "fixed": "1.7.0"
            }
          ]
        }
      ],
      "ecosystem_specific": {}
    }
  ],
  "references": [
    {
      "type": "ADVISORY",
      "url": "https://github.com/advisories/GHSA-8h8p-x289-vvqr"
    },
    {
      "type": "ADVISORY",
      "url": "https://nvd.nist.gov/vuln/detail/CVE-2021-45325"
    },
    {
      "type": "FIX",
      "url": "https://github.com/go-gitea/gitea/pull/5705"
    },
    {
      "type": "FIX",
      "url": "https://github.com/go-gitea/gitea/pull/5712"
    },
    {
      "type": "WEB",
      "url": "https://blog.gitea.io/2019/01/gitea-1.7.0-is-released"
    }
  ],
  "database_specific": {
    "url": "https://pkg.go.dev/vuln/GO-2022-0308",
    "review_status": "UNREVIEWED"
  }
}