{
  "schema_version": "1.3.1",
  "id": "GO-2022-0852",
  "modified": "0001-01-01T00:00:00Z",
  "published": "0001-01-01T00:00:00Z",
  "aliases": [
    "CVE-2019-13126",
    "GHSA-jp4j-47f9-2vc3"
  ],
  "summary": "Integer Overflow or Wraparound in NATS Server in github.com/nats-io/nats-server",
  "details": "Integer Overflow or Wraparound in NATS Server in github.com/nats-io/nats-server",
  "affected": [
    {
      "package": {
        "name": "github.com/nats-io/nats-server",
        "ecosystem": "Go"
      },
      "ranges": [
        {
          "type": "SEMVER",
          "events": [
            {
              "introduced": "0"
            }
          ]
        }
      ],
      "ecosystem_specific": {}
    },
    {
      "package": {
        "name": "github.com/nats-io/nats-server/v2",
        "ecosystem": "Go"
      },
      "ranges": [
        {
          "type": "SEMVER",
          "events": [
            {
              "introduced": "0"
            },
            {
              "fixed": "2.2.0"
            }
          ]
        }
      ],
      "ecosystem_specific": {}
    }
  ],
  "references": [
    {
      "type": "ADVISORY",
      "url": "https://github.com/advisories/GHSA-jp4j-47f9-2vc3"
    },
    {
      "type": "ADVISORY",
      "url": "https://nvd.nist.gov/vuln/detail/CVE-2019-13126"
    },
    {
      "type": "FIX",
      "url": "https://github.com/nats-io/nats-server/commit/07ef71ff98f45f8c2711be4aeaf484610d891dda"
    },
    {
      "type": "FIX",
      "url": "https://github.com/nats-io/nats-server/commits/master"
    },
    {
      "type": "FIX",
      "url": "https://github.com/nats-io/nats-server/pull/1053"
    },
    {
      "type": "FIX",
      "url": "https://github.com/nats-io/nats-server/pull/1441"
    },
    {
      "type": "WEB",
      "url": "https://www.twistlock.com/labs-blog/finding-dos-vulnerability-nats-go-fuzz-cve-2019-13126"
    }
  ],
  "database_specific": {
    "url": "https://pkg.go.dev/vuln/GO-2022-0852",
    "review_status": "UNREVIEWED"
  }
}