{
  "schema_version": "1.3.1",
  "id": "GO-2022-0310",
  "modified": "0001-01-01T00:00:00Z",
  "published": "0001-01-01T00:00:00Z",
  "aliases": [
    "CVE-2021-45327",
    "GHSA-jrpg-35hw-m4p9"
  ],
  "summary": "Capture-replay in Gitea in code.gitea.io/gitea",
  "details": "Capture-replay in Gitea in code.gitea.io/gitea",
  "affected": [
    {
      "package": {
        "name": "code.gitea.io/gitea",
        "ecosystem": "Go"
      },
      "ranges": [
        {
          "type": "SEMVER",
          "events": [
            {
              "introduced": "0"
            },
            {
              "fixed": "1.11.2"
            }
          ]
        }
      ],
      "ecosystem_specific": {}
    }
  ],
  "references": [
    {
      "type": "ADVISORY",
      "url": "https://github.com/advisories/GHSA-jrpg-35hw-m4p9"
    },
    {
      "type": "ADVISORY",
      "url": "https://nvd.nist.gov/vuln/detail/CVE-2021-45327"
    },
    {
      "type": "WEB",
      "url": "https://blog.gitea.io/2020/03/gitea-1.11.2-is-released"
    },
    {
      "type": "WEB",
      "url": "https://github.com/go-gitea/gitea/commit/4cb18601ff33dda5edb47d5b452cc8f2dc39dd67"
    },
    {
      "type": "WEB",
      "url": "https://github.com/go-gitea/gitea/commit/6f5656ab0ebec03fe63898208dabc802c4be46ab"
    },
    {
      "type": "WEB",
      "url": "https://github.com/go-gitea/gitea/commit/ed664a9e1dae4d4660e60c981173bbc5102e69ea"
    },
    {
      "type": "WEB",
      "url": "https://github.com/go-gitea/gitea/pull/10462"
    },
    {
      "type": "WEB",
      "url": "https://github.com/go-gitea/gitea/pull/10465"
    },
    {
      "type": "WEB",
      "url": "https://github.com/go-gitea/gitea/pull/10582"
    }
  ],
  "database_specific": {
    "url": "https://pkg.go.dev/vuln/GO-2022-0310",
    "review_status": "UNREVIEWED"
  }
}