{
  "schema_version": "1.3.1",
  "id": "GO-2022-0776",
  "modified": "0001-01-01T00:00:00Z",
  "published": "0001-01-01T00:00:00Z",
  "aliases": [
    "CVE-2020-7219",
    "GHSA-23jv-v6qj-3fhh"
  ],
  "summary": "Denial of Service (DoS) in HashiCorp Consul in github.com/hashicorp/consul",
  "details": "Denial of Service (DoS) in HashiCorp Consul in github.com/hashicorp/consul",
  "affected": [
    {
      "package": {
        "name": "github.com/hashicorp/consul",
        "ecosystem": "Go"
      },
      "ranges": [
        {
          "type": "SEMVER",
          "events": [
            {
              "introduced": "0"
            },
            {
              "fixed": "1.6.3"
            }
          ]
        }
      ],
      "ecosystem_specific": {}
    }
  ],
  "references": [
    {
      "type": "ADVISORY",
      "url": "https://github.com/advisories/GHSA-23jv-v6qj-3fhh"
    },
    {
      "type": "ADVISORY",
      "url": "https://nvd.nist.gov/vuln/detail/CVE-2020-7219"
    },
    {
      "type": "REPORT",
      "url": "https://github.com/hashicorp/consul/issues/7159"
    },
    {
      "type": "WEB",
      "url": "https://www.hashicorp.com/blog/category/consul"
    }
  ],
  "database_specific": {
    "url": "https://pkg.go.dev/vuln/GO-2022-0776",
    "review_status": "UNREVIEWED"
  }
}