{
  "schema_version": "1.3.1",
  "id": "GO-2022-0770",
  "modified": "0001-01-01T00:00:00Z",
  "published": "0001-01-01T00:00:00Z",
  "aliases": [
    "CVE-2020-28348",
    "GHSA-5x92-p4p5-33c4"
  ],
  "summary": "Path Traversal in HashiCorp Nomad in github.com/hashicorp/nomad",
  "details": "Path Traversal in HashiCorp Nomad in github.com/hashicorp/nomad",
  "affected": [
    {
      "package": {
        "name": "github.com/hashicorp/nomad",
        "ecosystem": "Go"
      },
      "ranges": [
        {
          "type": "SEMVER",
          "events": [
            {
              "introduced": "0.9.0"
            },
            {
              "fixed": "0.10.8"
            },
            {
              "introduced": "0.11.0-beta1"
            },
            {
              "fixed": "0.11.7"
            },
            {
              "introduced": "0.12.0-beta1"
            },
            {
              "fixed": "0.12.8"
            }
          ]
        }
      ],
      "ecosystem_specific": {}
    }
  ],
  "references": [
    {
      "type": "ADVISORY",
      "url": "https://github.com/advisories/GHSA-5x92-p4p5-33c4"
    },
    {
      "type": "ADVISORY",
      "url": "https://nvd.nist.gov/vuln/detail/CVE-2020-28348"
    },
    {
      "type": "FIX",
      "url": "https://github.com/hashicorp/nomad/pull/9321"
    },
    {
      "type": "REPORT",
      "url": "https://github.com/hashicorp/nomad/issues/9303"
    },
    {
      "type": "WEB",
      "url": "https://discuss.hashicorp.com/t/nomad-0-12-8-0-11-7-and-0-10-8-released/17491"
    },
    {
      "type": "WEB",
      "url": "https://github.com/hashicorp/nomad/blob/master/CHANGELOG.md#0128-november-10-2020"
    }
  ],
  "database_specific": {
    "url": "https://pkg.go.dev/vuln/GO-2022-0770",
    "review_status": "UNREVIEWED"
  }
}