{
  "schema_version": "1.3.1",
  "id": "GO-2022-0778",
  "modified": "0001-01-01T00:00:00Z",
  "published": "0001-01-01T00:00:00Z",
  "aliases": [
    "CVE-2020-13223",
    "GHSA-25xj-89g5-fm6h"
  ],
  "summary": "Information Disclosure in HashiCorp Vault in github.com/hashicorp/vault",
  "details": "Information Disclosure in HashiCorp Vault in github.com/hashicorp/vault",
  "affected": [
    {
      "package": {
        "name": "github.com/hashicorp/vault",
        "ecosystem": "Go"
      },
      "ranges": [
        {
          "type": "SEMVER",
          "events": [
            {
              "introduced": "1.3.0"
            },
            {
              "fixed": "1.3.6"
            },
            {
              "introduced": "1.4.0"
            },
            {
              "fixed": "1.4.2"
            }
          ]
        }
      ],
      "ecosystem_specific": {}
    }
  ],
  "references": [
    {
      "type": "ADVISORY",
      "url": "https://github.com/advisories/GHSA-25xj-89g5-fm6h"
    },
    {
      "type": "ADVISORY",
      "url": "https://nvd.nist.gov/vuln/detail/CVE-2020-13223"
    },
    {
      "type": "FIX",
      "url": "https://github.com/hashicorp/vault/commit/87f47c216cf1a28f4054b80cff40de8c9e00e36c"
    },
    {
      "type": "FIX",
      "url": "https://github.com/hashicorp/vault/commit/e52f34772affb69f3239b2cdf6523cb7cfd67a92"
    },
    {
      "type": "WEB",
      "url": "https://github.com/hashicorp/vault/blob/master/CHANGELOG.md#142-may-21st-2020"
    },
    {
      "type": "WEB",
      "url": "https://www.hashicorp.com/blog/category/vault"
    }
  ],
  "database_specific": {
    "url": "https://pkg.go.dev/vuln/GO-2022-0778",
    "review_status": "UNREVIEWED"
  }
}