{
  "schema_version": "1.3.1",
  "id": "GO-2022-0709",
  "modified": "0001-01-01T00:00:00Z",
  "published": "0001-01-01T00:00:00Z",
  "aliases": [
    "CVE-2021-32575",
    "GHSA-vf6q-9f2f-mwhv"
  ],
  "summary": "Improper network isolation in Hashicorp Nomad in github.com/hashicorp/nomad",
  "details": "Improper network isolation in Hashicorp Nomad in github.com/hashicorp/nomad",
  "affected": [
    {
      "package": {
        "name": "github.com/hashicorp/nomad",
        "ecosystem": "Go"
      },
      "ranges": [
        {
          "type": "SEMVER",
          "events": [
            {
              "introduced": "0"
            },
            {
              "fixed": "0.12.12"
            },
            {
              "introduced": "1.0.0"
            },
            {
              "fixed": "1.0.5"
            }
          ]
        }
      ],
      "ecosystem_specific": {}
    }
  ],
  "references": [
    {
      "type": "ADVISORY",
      "url": "https://github.com/advisories/GHSA-vf6q-9f2f-mwhv"
    },
    {
      "type": "ADVISORY",
      "url": "https://nvd.nist.gov/vuln/detail/CVE-2021-32575"
    },
    {
      "type": "WEB",
      "url": "https://discuss.hashicorp.com/t/hcsec-2021-14-nomad-bridge-networking-mode-allows-arp-spoofing-from-other-bridged-tasks-on-same-node/24296"
    },
    {
      "type": "WEB",
      "url": "https://www.hashicorp.com/blog/category/nomad"
    }
  ],
  "database_specific": {
    "url": "https://pkg.go.dev/vuln/GO-2022-0709",
    "review_status": "UNREVIEWED"
  }
}