{
  "schema_version": "1.3.1",
  "id": "GO-2022-0302",
  "modified": "0001-01-01T00:00:00Z",
  "published": "0001-01-01T00:00:00Z",
  "aliases": [
    "CVE-2022-23857",
    "GHSA-pmcr-2rhp-36hr"
  ],
  "summary": "SQL injection in github.com/navidrome/navidrome",
  "details": "SQL injection in github.com/navidrome/navidrome",
  "affected": [
    {
      "package": {
        "name": "github.com/navidrome/navidrome",
        "ecosystem": "Go"
      },
      "ranges": [
        {
          "type": "SEMVER",
          "events": [
            {
              "introduced": "0"
            },
            {
              "fixed": "0.47.5"
            }
          ]
        }
      ],
      "ecosystem_specific": {}
    }
  ],
  "references": [
    {
      "type": "ADVISORY",
      "url": "https://github.com/advisories/GHSA-pmcr-2rhp-36hr"
    },
    {
      "type": "ADVISORY",
      "url": "https://nvd.nist.gov/vuln/detail/CVE-2022-23857"
    },
    {
      "type": "FIX",
      "url": "https://github.com/navidrome/navidrome/commit/9e79b5cbf2a48c1e4344df00fea4ed3844ea965d"
    },
    {
      "type": "WEB",
      "url": "https://github.com/navidrome/navidrome/releases/tag/v0.47.5"
    }
  ],
  "database_specific": {
    "url": "https://pkg.go.dev/vuln/GO-2022-0302",
    "review_status": "UNREVIEWED"
  }
}