{
  "schema_version": "1.3.1",
  "id": "GO-2022-0231",
  "modified": "0001-01-01T00:00:00Z",
  "published": "0001-01-01T00:00:00Z",
  "aliases": [
    "CVE-2021-20848",
    "GHSA-458f-26r3-x2c3"
  ],
  "summary": "Cross-site Scripting in github.com/schollz/rwtxt",
  "details": "Cross-site Scripting in github.com/schollz/rwtxt",
  "affected": [
    {
      "package": {
        "name": "github.com/schollz/rwtxt",
        "ecosystem": "Go"
      },
      "ranges": [
        {
          "type": "SEMVER",
          "events": [
            {
              "introduced": "0"
            },
            {
              "fixed": "1.8.6"
            }
          ]
        }
      ],
      "ecosystem_specific": {}
    }
  ],
  "references": [
    {
      "type": "ADVISORY",
      "url": "https://github.com/advisories/GHSA-458f-26r3-x2c3"
    },
    {
      "type": "ADVISORY",
      "url": "https://nvd.nist.gov/vuln/detail/CVE-2021-20848"
    },
    {
      "type": "FIX",
      "url": "https://github.com/schollz/rwtxt/commit/c09fb17375c4c47b49524c688288af1fe20e730a"
    },
    {
      "type": "WEB",
      "url": "https://jvn.jp/en/jp/JVN22515597/index.html"
    }
  ],
  "database_specific": {
    "url": "https://pkg.go.dev/vuln/GO-2022-0231",
    "review_status": "UNREVIEWED"
  }
}