{
  "schema_version": "1.3.1",
  "id": "GO-2022-0732",
  "modified": "0001-01-01T00:00:00Z",
  "published": "0001-01-01T00:00:00Z",
  "aliases": [
    "CVE-2022-30324",
    "GHSA-526x-rm7j-v389"
  ],
  "summary": "Privilege escalation in Hashicorp Nomad in github.com/hashicorp/nomad",
  "details": "Privilege escalation in Hashicorp Nomad in github.com/hashicorp/nomad",
  "affected": [
    {
      "package": {
        "name": "github.com/hashicorp/nomad",
        "ecosystem": "Go"
      },
      "ranges": [
        {
          "type": "SEMVER",
          "events": [
            {
              "introduced": "0.2.0"
            },
            {
              "fixed": "1.1.14"
            },
            {
              "introduced": "1.2.0"
            },
            {
              "fixed": "1.2.8"
            },
            {
              "introduced": "1.3.0"
            },
            {
              "fixed": "1.3.1"
            }
          ]
        }
      ],
      "ecosystem_specific": {}
    }
  ],
  "references": [
    {
      "type": "ADVISORY",
      "url": "https://github.com/advisories/GHSA-526x-rm7j-v389"
    },
    {
      "type": "ADVISORY",
      "url": "https://nvd.nist.gov/vuln/detail/CVE-2022-30324"
    },
    {
      "type": "WEB",
      "url": "https://discuss.hashicorp.com"
    },
    {
      "type": "WEB",
      "url": "https://discuss.hashicorp.com/t/hcsec-2022-14-nomad-impacted-by-go-getter-vulnerabilities/39932"
    }
  ],
  "database_specific": {
    "url": "https://pkg.go.dev/vuln/GO-2022-0732",
    "review_status": "UNREVIEWED"
  }
}