{
  "schema_version": "1.3.1",
  "id": "GO-2022-0625",
  "modified": "0001-01-01T00:00:00Z",
  "published": "0001-01-01T00:00:00Z",
  "aliases": [
    "CVE-2014-6408",
    "GHSA-44gg-pmqr-4669"
  ],
  "summary": "Access Restriction Bypass in Docker in github.com/docker/docker",
  "details": "Access Restriction Bypass in Docker in github.com/docker/docker",
  "affected": [
    {
      "package": {
        "name": "github.com/docker/docker",
        "ecosystem": "Go"
      },
      "ranges": [
        {
          "type": "SEMVER",
          "events": [
            {
              "introduced": "1.3.0"
            },
            {
              "fixed": "1.3.2"
            }
          ]
        }
      ],
      "ecosystem_specific": {}
    }
  ],
  "references": [
    {
      "type": "ADVISORY",
      "url": "https://github.com/advisories/GHSA-44gg-pmqr-4669"
    },
    {
      "type": "ADVISORY",
      "url": "https://nvd.nist.gov/vuln/detail/CVE-2014-6408"
    },
    {
      "type": "FIX",
      "url": "https://github.com/docker/docker/commit/c9379eb3fbbc484c056f5a5e49d8d0b755a29c45"
    },
    {
      "type": "WEB",
      "url": "https://lists.fedoraproject.org/pipermail/package-announce/2014-December/145154.html"
    },
    {
      "type": "WEB",
      "url": "https://lists.opensuse.org/opensuse-security-announce/2014-12/msg00009.html"
    },
    {
      "type": "WEB",
      "url": "https://web.nvd.nist.gov/view/vuln/detail?vulnId=CVE-2014-6408"
    },
    {
      "type": "WEB",
      "url": "https://www.openwall.com/lists/oss-security/2014/11/24/5"
    }
  ],
  "database_specific": {
    "url": "https://pkg.go.dev/vuln/GO-2022-0625",
    "review_status": "UNREVIEWED"
  }
}