{
  "schema_version": "1.3.1",
  "id": "GO-2022-0832",
  "modified": "0001-01-01T00:00:00Z",
  "published": "0001-01-01T00:00:00Z",
  "aliases": [
    "CVE-2021-28378",
    "GHSA-g95p-88p4-76cm"
  ],
  "summary": "Cross-site Scripting in Gitea in code.gitea.io/gitea",
  "details": "Cross-site Scripting in Gitea in code.gitea.io/gitea",
  "affected": [
    {
      "package": {
        "name": "code.gitea.io/gitea",
        "ecosystem": "Go"
      },
      "ranges": [
        {
          "type": "SEMVER",
          "events": [
            {
              "introduced": "0"
            },
            {
              "fixed": "1.13.4"
            }
          ]
        }
      ],
      "ecosystem_specific": {}
    }
  ],
  "references": [
    {
      "type": "ADVISORY",
      "url": "https://github.com/advisories/GHSA-g95p-88p4-76cm"
    },
    {
      "type": "ADVISORY",
      "url": "https://nvd.nist.gov/vuln/detail/CVE-2021-28378"
    },
    {
      "type": "WEB",
      "url": "https://blog.gitea.io/2021/03/gitea-1.13.4-is-released"
    },
    {
      "type": "WEB",
      "url": "https://github.com/PandatiX/CVE-2021-28378"
    },
    {
      "type": "WEB",
      "url": "https://github.com/go-gitea/gitea/pull/14898"
    },
    {
      "type": "WEB",
      "url": "https://github.com/go-gitea/gitea/pull/14899"
    }
  ],
  "database_specific": {
    "url": "https://pkg.go.dev/vuln/GO-2022-0832",
    "review_status": "UNREVIEWED"
  }
}