{
  "schema_version": "1.3.1",
  "id": "GO-2022-0442",
  "modified": "0001-01-01T00:00:00Z",
  "published": "0001-01-01T00:00:00Z",
  "aliases": [
    "CVE-2022-27313",
    "GHSA-g7p7-x6w7-w6qg"
  ],
  "summary": "Arbitrary file deletion in gitea in code.gitea.io/gitea",
  "details": "Arbitrary file deletion in gitea in code.gitea.io/gitea",
  "affected": [
    {
      "package": {
        "name": "code.gitea.io/gitea",
        "ecosystem": "Go"
      },
      "ranges": [
        {
          "type": "SEMVER",
          "events": [
            {
              "introduced": "0"
            },
            {
              "fixed": "1.16.4"
            }
          ]
        }
      ],
      "ecosystem_specific": {}
    }
  ],
  "references": [
    {
      "type": "ADVISORY",
      "url": "https://github.com/advisories/GHSA-g7p7-x6w7-w6qg"
    },
    {
      "type": "ADVISORY",
      "url": "https://nvd.nist.gov/vuln/detail/CVE-2022-27313"
    },
    {
      "type": "WEB",
      "url": "https://github.com/go-gitea/gitea/pull/19072"
    },
    {
      "type": "WEB",
      "url": "https://github.com/go-gitea/gitea/releases/tag/v1.16.4"
    }
  ],
  "database_specific": {
    "url": "https://pkg.go.dev/vuln/GO-2022-0442",
    "review_status": "UNREVIEWED"
  }
}