{
  "schema_version": "1.3.1",
  "id": "GO-2022-0410",
  "modified": "0001-01-01T00:00:00Z",
  "published": "0001-01-01T00:00:00Z",
  "aliases": [
    "GHSA-x5c7-x7m2-rhmf"
  ],
  "summary": "Local directory executable lookup in sops (Windows-only) in go.mozilla.org/sops",
  "details": "Local directory executable lookup in sops (Windows-only) in go.mozilla.org/sops",
  "affected": [
    {
      "package": {
        "name": "go.mozilla.org/sops",
        "ecosystem": "Go"
      },
      "ranges": [
        {
          "type": "SEMVER",
          "events": [
            {
              "introduced": "0"
            }
          ]
        }
      ],
      "ecosystem_specific": {}
    },
    {
      "package": {
        "name": "go.mozilla.org/sops/v3",
        "ecosystem": "Go"
      },
      "ranges": [
        {
          "type": "SEMVER",
          "events": [
            {
              "introduced": "0"
            },
            {
              "fixed": "3.7.1"
            }
          ]
        }
      ],
      "ecosystem_specific": {}
    }
  ],
  "references": [
    {
      "type": "ADVISORY",
      "url": "https://github.com/mozilla/sops/security/advisories/GHSA-x5c7-x7m2-rhmf"
    }
  ],
  "database_specific": {
    "url": "https://pkg.go.dev/vuln/GO-2022-0410",
    "review_status": "UNREVIEWED"
  }
}