{
  "schema_version": "1.3.1",
  "id": "GO-2022-0844",
  "modified": "0001-01-01T00:00:00Z",
  "published": "0001-01-01T00:00:00Z",
  "aliases": [
    "CVE-2018-18926",
    "GHSA-hf6f-jq25-8gq9"
  ],
  "summary": "Gitea Remote Code Execution (RCE) in code.gitea.io/gitea",
  "details": "Gitea Remote Code Execution (RCE) in code.gitea.io/gitea",
  "affected": [
    {
      "package": {
        "name": "code.gitea.io/gitea",
        "ecosystem": "Go"
      },
      "ranges": [
        {
          "type": "SEMVER",
          "events": [
            {
              "introduced": "0"
            },
            {
              "fixed": "1.5.2"
            }
          ]
        }
      ],
      "ecosystem_specific": {}
    }
  ],
  "references": [
    {
      "type": "ADVISORY",
      "url": "https://github.com/advisories/GHSA-hf6f-jq25-8gq9"
    },
    {
      "type": "ADVISORY",
      "url": "https://nvd.nist.gov/vuln/detail/CVE-2018-18926"
    },
    {
      "type": "WEB",
      "url": "https://github.com/go-gitea/gitea/commit/aeb5655c25053bdcd7eee94ea37df88468374162"
    },
    {
      "type": "WEB",
      "url": "https://github.com/go-gitea/gitea/issues/5140"
    },
    {
      "type": "WEB",
      "url": "https://github.com/go-gitea/gitea/pull/5177"
    }
  ],
  "database_specific": {
    "url": "https://pkg.go.dev/vuln/GO-2022-0844",
    "review_status": "UNREVIEWED"
  }
}