{
  "schema_version": "1.3.1",
  "id": "GO-2022-0788",
  "modified": "0001-01-01T00:00:00Z",
  "published": "0001-01-01T00:00:00Z",
  "aliases": [
    "CVE-2020-14958",
    "GHSA-4c7m-vv47-7c69"
  ],
  "summary": "Insecure Permissions in Gogs in gogs.io/gogs",
  "details": "Insecure Permissions in Gogs in gogs.io/gogs",
  "affected": [
    {
      "package": {
        "name": "gogs.io/gogs",
        "ecosystem": "Go"
      },
      "ranges": [
        {
          "type": "SEMVER",
          "events": [
            {
              "introduced": "0"
            },
            {
              "fixed": "0.12.0"
            }
          ]
        }
      ],
      "ecosystem_specific": {}
    }
  ],
  "references": [
    {
      "type": "ADVISORY",
      "url": "https://github.com/advisories/GHSA-4c7m-vv47-7c69"
    },
    {
      "type": "ADVISORY",
      "url": "https://nvd.nist.gov/vuln/detail/CVE-2020-14958"
    },
    {
      "type": "WEB",
      "url": "https://github.com/gogs/gogs/commit/82ff0c5852f29daa5f95d965fd50665581e7ea3c"
    },
    {
      "type": "WEB",
      "url": "https://github.com/gogs/gogs/pull/5988"
    }
  ],
  "database_specific": {
    "url": "https://pkg.go.dev/vuln/GO-2022-0788",
    "review_status": "UNREVIEWED"
  }
}