{
  "schema_version": "1.3.1",
  "id": "GO-2022-0400",
  "modified": "0001-01-01T00:00:00Z",
  "published": "2022-07-01T20:10:50Z",
  "aliases": [
    "CVE-2022-2583",
    "GHSA-4348-x292-h437",
    "GHSA-h2x7-2ff6-v32p"
  ],
  "summary": "Race condition in github.com/ntbosscher/gobase",
  "details": "A race condition can cause incorrect HTTP request routing.",
  "affected": [
    {
      "package": {
        "name": "github.com/ntbosscher/gobase",
        "ecosystem": "Go"
      },
      "ranges": [
        {
          "type": "SEMVER",
          "events": [
            {
              "introduced": "0"
            },
            {
              "fixed": "0.7.2"
            }
          ]
        }
      ],
      "ecosystem_specific": {
        "imports": [
          {
            "path": "github.com/ntbosscher/gobase/auth/httpauth",
            "symbols": [
              "Setup",
              "middleware"
            ]
          }
        ]
      }
    }
  ],
  "references": [
    {
      "type": "FIX",
      "url": "https://github.com/ntbosscher/gobase/commit/a8d40bce9c429d324122d18c446924dab809e812"
    }
  ],
  "database_specific": {
    "url": "https://pkg.go.dev/vuln/GO-2022-0400",
    "review_status": "REVIEWED"
  }
}