{
  "schema_version": "1.3.1",
  "id": "GO-2022-0424",
  "modified": "0001-01-01T00:00:00Z",
  "published": "0001-01-01T00:00:00Z",
  "aliases": [
    "GHSA-57q7-rxqq-7vgp"
  ],
  "summary": "On Windows, `git-sizer` might run a `git` executable within the repository being analyzed in github.com/github/git-sizer",
  "details": "On Windows, `git-sizer` might run a `git` executable within the repository being analyzed in github.com/github/git-sizer",
  "affected": [
    {
      "package": {
        "name": "github.com/github/git-sizer",
        "ecosystem": "Go"
      },
      "ranges": [
        {
          "type": "SEMVER",
          "events": [
            {
              "introduced": "0"
            },
            {
              "fixed": "1.4.0"
            }
          ]
        }
      ],
      "ecosystem_specific": {}
    }
  ],
  "references": [
    {
      "type": "ADVISORY",
      "url": "https://github.com/github/git-sizer/security/advisories/GHSA-57q7-rxqq-7vgp"
    },
    {
      "type": "FIX",
      "url": "https://github.com/github/git-sizer/commit/38400d6ddd79325e956b00ff584cfcc8dd96d536"
    }
  ],
  "database_specific": {
    "url": "https://pkg.go.dev/vuln/GO-2022-0424",
    "review_status": "UNREVIEWED"
  }
}