{
  "schema_version": "1.3.1",
  "id": "GO-2022-0388",
  "modified": "0001-01-01T00:00:00Z",
  "published": "0001-01-01T00:00:00Z",
  "aliases": [
    "GHSA-6c73-2v8x-qpvm"
  ],
  "summary": "Argo Server TLS requests could be forged by attacker with network access in github.com/argoproj/argo-workflows",
  "details": "Argo Server TLS requests could be forged by attacker with network access in github.com/argoproj/argo-workflows",
  "affected": [
    {
      "package": {
        "name": "github.com/argoproj/argo-workflows",
        "ecosystem": "Go"
      },
      "ranges": [
        {
          "type": "SEMVER",
          "events": [
            {
              "introduced": "0"
            }
          ]
        }
      ],
      "ecosystem_specific": {}
    },
    {
      "package": {
        "name": "github.com/argoproj/argo-workflows/v2",
        "ecosystem": "Go"
      },
      "ranges": [
        {
          "type": "SEMVER",
          "events": [
            {
              "introduced": "0"
            }
          ]
        }
      ],
      "ecosystem_specific": {}
    },
    {
      "package": {
        "name": "github.com/argoproj/argo-workflows/v3",
        "ecosystem": "Go"
      },
      "ranges": [
        {
          "type": "SEMVER",
          "events": [
            {
              "introduced": "3.0.0"
            },
            {
              "fixed": "3.0.9"
            },
            {
              "introduced": "3.1.0"
            },
            {
              "fixed": "3.1.6"
            }
          ]
        }
      ],
      "ecosystem_specific": {}
    }
  ],
  "references": [
    {
      "type": "ADVISORY",
      "url": "https://github.com/argoproj/argo-workflows/security/advisories/GHSA-6c73-2v8x-qpvm"
    }
  ],
  "database_specific": {
    "url": "https://pkg.go.dev/vuln/GO-2022-0388",
    "review_status": "UNREVIEWED"
  }
}