{
  "schema_version": "1.3.1",
  "id": "GO-2022-0590",
  "modified": "0001-01-01T00:00:00Z",
  "published": "0001-01-01T00:00:00Z",
  "aliases": [
    "CVE-2022-30689",
    "GHSA-c5wc-v287-82pc"
  ],
  "summary": "HashiCorp Vault improper configuration of multi factor authentication in github.com/hashicorp/vault",
  "details": "HashiCorp Vault improper configuration of multi factor authentication in github.com/hashicorp/vault",
  "affected": [
    {
      "package": {
        "name": "github.com/hashicorp/vault",
        "ecosystem": "Go"
      },
      "ranges": [
        {
          "type": "SEMVER",
          "events": [
            {
              "introduced": "1.10.0"
            },
            {
              "fixed": "1.10.3"
            }
          ]
        }
      ],
      "ecosystem_specific": {}
    }
  ],
  "references": [
    {
      "type": "ADVISORY",
      "url": "https://github.com/advisories/GHSA-c5wc-v287-82pc"
    },
    {
      "type": "ADVISORY",
      "url": "https://nvd.nist.gov/vuln/detail/CVE-2022-30689"
    },
    {
      "type": "FIX",
      "url": "https://github.com/hashicorp/vault/commit/15baea5fa3e71c837c33b8bcbd8f06e0fbbc110d"
    },
    {
      "type": "WEB",
      "url": "https://discuss.hashicorp.com"
    },
    {
      "type": "WEB",
      "url": "https://github.com/hashicorp/vault"
    },
    {
      "type": "WEB",
      "url": "https://security.gentoo.org/glsa/202207-01"
    },
    {
      "type": "WEB",
      "url": "https://security.netapp.com/advisory/ntap-20220629-0006"
    }
  ],
  "database_specific": {
    "url": "https://pkg.go.dev/vuln/GO-2022-0590",
    "review_status": "UNREVIEWED"
  }
}