{
  "schema_version": "1.3.1",
  "id": "GO-2022-0604",
  "modified": "0001-01-01T00:00:00Z",
  "published": "0001-01-01T00:00:00Z",
  "aliases": [
    "CVE-2021-37860",
    "GHSA-hv5f-73mr-7vvj"
  ],
  "summary": "Cross-site Scripting in Mattermost in github.com/mattermost/mattermost-server",
  "details": "Cross-site Scripting in Mattermost in github.com/mattermost/mattermost-server",
  "affected": [
    {
      "package": {
        "name": "github.com/mattermost/mattermost-server",
        "ecosystem": "Go"
      },
      "ranges": [
        {
          "type": "SEMVER",
          "events": [
            {
              "introduced": "0"
            }
          ]
        }
      ],
      "ecosystem_specific": {}
    },
    {
      "package": {
        "name": "github.com/mattermost/mattermost-server/v5",
        "ecosystem": "Go"
      },
      "ranges": [
        {
          "type": "SEMVER",
          "events": [
            {
              "introduced": "0"
            },
            {
              "fixed": "5.39.0"
            }
          ]
        }
      ],
      "ecosystem_specific": {}
    }
  ],
  "references": [
    {
      "type": "ADVISORY",
      "url": "https://github.com/advisories/GHSA-hv5f-73mr-7vvj"
    },
    {
      "type": "ADVISORY",
      "url": "https://nvd.nist.gov/vuln/detail/CVE-2021-37860"
    },
    {
      "type": "WEB",
      "url": "https://docs.mattermost.com/install/self-managed-changelog.html#release-v5-39-quality-release"
    },
    {
      "type": "WEB",
      "url": "https://github.com/mattermost/mattermost-server"
    },
    {
      "type": "WEB",
      "url": "https://mattermost.com/security-updates"
    }
  ],
  "database_specific": {
    "url": "https://pkg.go.dev/vuln/GO-2022-0604",
    "review_status": "UNREVIEWED"
  }
}