{
  "schema_version": "1.3.1",
  "id": "GO-2022-0827",
  "modified": "0001-01-01T00:00:00Z",
  "published": "0001-01-01T00:00:00Z",
  "aliases": [
    "CVE-2021-29652",
    "GHSA-fv82-r8qv-ch4v"
  ],
  "summary": "pomerium_signature is not verified in middleware in github.com/pomerium/pomerium",
  "details": "pomerium_signature is not verified in middleware in github.com/pomerium/pomerium",
  "affected": [
    {
      "package": {
        "name": "github.com/pomerium/pomerium",
        "ecosystem": "Go"
      },
      "ranges": [
        {
          "type": "SEMVER",
          "events": [
            {
              "introduced": "0.10.0"
            },
            {
              "fixed": "0.13.4"
            }
          ]
        }
      ],
      "ecosystem_specific": {}
    }
  ],
  "references": [
    {
      "type": "ADVISORY",
      "url": "https://github.com/pomerium/pomerium/security/advisories/GHSA-fv82-r8qv-ch4v"
    },
    {
      "type": "ADVISORY",
      "url": "https://nvd.nist.gov/vuln/detail/CVE-2021-29652"
    },
    {
      "type": "FIX",
      "url": "https://github.com/pomerium/pomerium/pull/2048"
    }
  ],
  "database_specific": {
    "url": "https://pkg.go.dev/vuln/GO-2022-0827",
    "review_status": "UNREVIEWED"
  }
}