{
  "schema_version": "1.3.1",
  "id": "GO-2022-0559",
  "modified": "0001-01-01T00:00:00Z",
  "published": "0001-01-01T00:00:00Z",
  "aliases": [
    "CVE-2021-38698",
    "GHSA-6hw5-6gcx-phmw"
  ],
  "summary": "HashiCorp Consul and Consul Enterprise 1.10.1 Txn.Apply endpoint allowed services to register proxies for other services, enabling access to service traffic. in github.com/hashicorp/consul",
  "details": "HashiCorp Consul and Consul Enterprise 1.10.1 Txn.Apply endpoint allowed services to register proxies for other services, enabling access to service traffic. in github.com/hashicorp/consul",
  "affected": [
    {
      "package": {
        "name": "github.com/hashicorp/consul",
        "ecosystem": "Go"
      },
      "ranges": [
        {
          "type": "SEMVER",
          "events": [
            {
              "introduced": "0"
            },
            {
              "fixed": "1.8.15"
            },
            {
              "introduced": "1.9.0"
            },
            {
              "fixed": "1.9.9"
            },
            {
              "introduced": "1.10.1"
            },
            {
              "fixed": "1.10.2"
            }
          ]
        }
      ],
      "ecosystem_specific": {}
    }
  ],
  "references": [
    {
      "type": "ADVISORY",
      "url": "https://github.com/advisories/GHSA-6hw5-6gcx-phmw"
    },
    {
      "type": "ADVISORY",
      "url": "https://nvd.nist.gov/vuln/detail/CVE-2021-38698"
    },
    {
      "type": "FIX",
      "url": "https://github.com/hashicorp/consul/pull/10824"
    },
    {
      "type": "WEB",
      "url": "https://discuss.hashicorp.com/t/hcsec-2021-24-consul-missing-authorization-check-on-txn-apply-endpoint/29026"
    },
    {
      "type": "WEB",
      "url": "https://security.gentoo.org/glsa/202208-09"
    },
    {
      "type": "WEB",
      "url": "https://www.hashicorp.com/blog/category/consul"
    }
  ],
  "database_specific": {
    "url": "https://pkg.go.dev/vuln/GO-2022-0559",
    "review_status": "UNREVIEWED"
  }
}