{
  "schema_version": "1.3.1",
  "id": "GO-2022-0866",
  "modified": "0001-01-01T00:00:00Z",
  "published": "0001-01-01T00:00:00Z",
  "aliases": [
    "CVE-2017-15104",
    "GHSA-q9vw-wr57-xjv3"
  ],
  "summary": "Information Exposure in Heketi in github.com/heketi/heketi",
  "details": "Information Exposure in Heketi in github.com/heketi/heketi",
  "affected": [
    {
      "package": {
        "name": "github.com/heketi/heketi",
        "ecosystem": "Go"
      },
      "ranges": [
        {
          "type": "SEMVER",
          "events": [
            {
              "introduced": "0"
            },
            {
              "fixed": "5.0.1+incompatible"
            }
          ]
        }
      ],
      "ecosystem_specific": {}
    }
  ],
  "references": [
    {
      "type": "ADVISORY",
      "url": "https://github.com/advisories/GHSA-q9vw-wr57-xjv3"
    },
    {
      "type": "ADVISORY",
      "url": "https://nvd.nist.gov/vuln/detail/CVE-2017-15104"
    },
    {
      "type": "FIX",
      "url": "https://github.com/heketi/heketi/commit/787bae461b23003a4daa4d1d639016a754cf6b00"
    },
    {
      "type": "WEB",
      "url": "https://access.redhat.com/errata/RHSA-2017:3481"
    },
    {
      "type": "WEB",
      "url": "https://access.redhat.com/security/cve/CVE-2017-15104"
    },
    {
      "type": "WEB",
      "url": "https://bugzilla.redhat.com/show_bug.cgi?id=1510149"
    },
    {
      "type": "WEB",
      "url": "https://github.com/heketi/heketi/releases/tag/v5.0.1"
    }
  ],
  "database_specific": {
    "url": "https://pkg.go.dev/vuln/GO-2022-0866",
    "review_status": "UNREVIEWED"
  }
}