{
  "schema_version": "1.3.1",
  "id": "GO-2022-0853",
  "modified": "0001-01-01T00:00:00Z",
  "published": "0001-01-01T00:00:00Z",
  "aliases": [
    "CVE-2019-19029",
    "GHSA-jr34-mff8-pc6f",
    "GHSA-qcfv-8v29-469w"
  ],
  "summary": "SQL Injection in Cloud Native Computing Foundation Harbor in github.com/goharbor/harbor",
  "details": "SQL Injection in Cloud Native Computing Foundation Harbor in github.com/goharbor/harbor",
  "affected": [
    {
      "package": {
        "name": "github.com/goharbor/harbor",
        "ecosystem": "Go"
      },
      "ranges": [
        {
          "type": "SEMVER",
          "events": [
            {
              "introduced": "1.7.0"
            },
            {
              "fixed": "1.8.6"
            },
            {
              "introduced": "1.9.0"
            },
            {
              "fixed": "1.9.3"
            }
          ]
        }
      ],
      "ecosystem_specific": {}
    }
  ],
  "references": [
    {
      "type": "ADVISORY",
      "url": "https://github.com/advisories/GHSA-jr34-mff8-pc6f"
    },
    {
      "type": "ADVISORY",
      "url": "https://github.com/goharbor/harbor/security/advisories/GHSA-qcfv-8v29-469w"
    },
    {
      "type": "ADVISORY",
      "url": "https://nvd.nist.gov/vuln/detail/CVE-2019-19029"
    },
    {
      "type": "WEB",
      "url": "https://github.com/goharbor/harbor/security/advisories"
    },
    {
      "type": "WEB",
      "url": "https://tanzu.vmware.com/security/cve-2019-19029"
    }
  ],
  "database_specific": {
    "url": "https://pkg.go.dev/vuln/GO-2022-0853",
    "review_status": "UNREVIEWED"
  }
}