{
  "schema_version": "1.3.1",
  "id": "GO-2022-0490",
  "modified": "0001-01-01T00:00:00Z",
  "published": "0001-01-01T00:00:00Z",
  "aliases": [
    "CVE-2022-31054",
    "GHSA-5q86-62xr-3r57"
  ],
  "summary": "Uses of deprecated API can be used to cause DoS in user-facing endpoints in github.com/argoproj/argo-events",
  "details": "Uses of deprecated API can be used to cause DoS in user-facing endpoints in github.com/argoproj/argo-events",
  "affected": [
    {
      "package": {
        "name": "github.com/argoproj/argo-events",
        "ecosystem": "Go"
      },
      "ranges": [
        {
          "type": "SEMVER",
          "events": [
            {
              "introduced": "0"
            },
            {
              "fixed": "1.7.1"
            }
          ]
        }
      ],
      "ecosystem_specific": {}
    }
  ],
  "references": [
    {
      "type": "ADVISORY",
      "url": "https://github.com/argoproj/argo-events/security/advisories/GHSA-5q86-62xr-3r57"
    },
    {
      "type": "ADVISORY",
      "url": "https://nvd.nist.gov/vuln/detail/CVE-2022-31054"
    },
    {
      "type": "FIX",
      "url": "https://github.com/argoproj/argo-events/commit/eaabcb6d65022fc34a0cc9ea7f00681abd326b35"
    },
    {
      "type": "FIX",
      "url": "https://github.com/argoproj/argo-events/pull/1966"
    },
    {
      "type": "REPORT",
      "url": "https://github.com/argoproj/argo-events/issues/1946"
    }
  ],
  "database_specific": {
    "url": "https://pkg.go.dev/vuln/GO-2022-0490",
    "review_status": "UNREVIEWED"
  }
}