{
  "schema_version": "1.3.1",
  "id": "GO-2022-0573",
  "modified": "0001-01-01T00:00:00Z",
  "published": "0001-01-01T00:00:00Z",
  "aliases": [
    "CVE-2021-43415",
    "GHSA-2jhh-5xm2-j4gf"
  ],
  "summary": "Improper Authentication in HashiCorp Nomad in github.com/hashicorp/nomad",
  "details": "Improper Authentication in HashiCorp Nomad in github.com/hashicorp/nomad",
  "affected": [
    {
      "package": {
        "name": "github.com/hashicorp/nomad",
        "ecosystem": "Go"
      },
      "ranges": [
        {
          "type": "SEMVER",
          "events": [
            {
              "introduced": "0"
            },
            {
              "fixed": "1.0.14"
            },
            {
              "introduced": "1.1.0"
            },
            {
              "fixed": "1.1.8"
            },
            {
              "introduced": "1.2.0"
            },
            {
              "fixed": "1.2.1"
            }
          ]
        }
      ],
      "ecosystem_specific": {}
    }
  ],
  "references": [
    {
      "type": "ADVISORY",
      "url": "https://github.com/advisories/GHSA-2jhh-5xm2-j4gf"
    },
    {
      "type": "ADVISORY",
      "url": "https://nvd.nist.gov/vuln/detail/CVE-2021-43415"
    },
    {
      "type": "WEB",
      "url": "https://discuss.hashicorp.com/t/hcsec-2021-31-nomad-qemu-task-driver-allowed-paths-bypass-with-job-args/32288"
    },
    {
      "type": "WEB",
      "url": "https://www.hashicorp.com/blog/category/nomad"
    }
  ],
  "database_specific": {
    "url": "https://pkg.go.dev/vuln/GO-2022-0573",
    "review_status": "UNREVIEWED"
  }
}