{
  "schema_version": "1.3.1",
  "id": "GO-2022-0785",
  "modified": "0001-01-01T00:00:00Z",
  "published": "0001-01-01T00:00:00Z",
  "aliases": [
    "CVE-2020-29662",
    "GHSA-38r5-34mr-mvm7"
  ],
  "summary": "\"catalog's registry v2 api exposed on unauthenticated path in Harbor\" in github.com/goharbor/harbor",
  "details": "\"catalog's registry v2 api exposed on unauthenticated path in Harbor\" in github.com/goharbor/harbor",
  "affected": [
    {
      "package": {
        "name": "github.com/goharbor/harbor",
        "ecosystem": "Go"
      },
      "ranges": [
        {
          "type": "SEMVER",
          "events": [
            {
              "introduced": "0"
            },
            {
              "fixed": "2.0.5+incompatible"
            },
            {
              "introduced": "2.1.0+incompatible"
            },
            {
              "fixed": "2.1.2+incompatible"
            }
          ]
        }
      ],
      "ecosystem_specific": {}
    }
  ],
  "references": [
    {
      "type": "ADVISORY",
      "url": "https://github.com/goharbor/harbor/security/advisories/GHSA-38r5-34mr-mvm7"
    },
    {
      "type": "ADVISORY",
      "url": "https://nvd.nist.gov/vuln/detail/CVE-2020-29662"
    },
    {
      "type": "FIX",
      "url": "https://github.com/goharbor/harbor/commit/3481722f140e1fdf6e6d290b0cd5c86e509feed4"
    },
    {
      "type": "FIX",
      "url": "https://github.com/goharbor/harbor/commit/c7c409a8e5a8b3fd42841dda84759c9d77977853"
    },
    {
      "type": "FIX",
      "url": "https://github.com/goharbor/harbor/pull/13676"
    },
    {
      "type": "WEB",
      "url": "https://github.com/goharbor/harbor/releases/tag/v2.0.5"
    },
    {
      "type": "WEB",
      "url": "https://github.com/goharbor/harbor/releases/tag/v2.1.2"
    }
  ],
  "database_specific": {
    "url": "https://pkg.go.dev/vuln/GO-2022-0785",
    "review_status": "UNREVIEWED"
  }
}