{
  "schema_version": "1.3.1",
  "id": "GO-2022-0359",
  "modified": "0001-01-01T00:00:00Z",
  "published": "0001-01-01T00:00:00Z",
  "aliases": [
    "CVE-2022-24768",
    "GHSA-2f5v-8r3f-8pww"
  ],
  "summary": "Improper access control allows admin privilege escalation in Argo CD in github.com/argoproj/argo-cd",
  "details": "Improper access control allows admin privilege escalation in Argo CD in github.com/argoproj/argo-cd",
  "affected": [
    {
      "package": {
        "name": "github.com/argoproj/argo-cd",
        "ecosystem": "Go"
      },
      "ranges": [
        {
          "type": "SEMVER",
          "events": [
            {
              "introduced": "0.5.0"
            }
          ]
        }
      ],
      "ecosystem_specific": {}
    },
    {
      "package": {
        "name": "github.com/argoproj/argo-cd/v2",
        "ecosystem": "Go"
      },
      "ranges": [
        {
          "type": "SEMVER",
          "events": [
            {
              "introduced": "0"
            },
            {
              "fixed": "2.1.14"
            },
            {
              "introduced": "2.2.0"
            },
            {
              "fixed": "2.2.8"
            },
            {
              "introduced": "2.3.0"
            },
            {
              "fixed": "2.3.2"
            }
          ]
        }
      ],
      "ecosystem_specific": {}
    }
  ],
  "references": [
    {
      "type": "ADVISORY",
      "url": "https://github.com/argoproj/argo-cd/security/advisories/GHSA-2f5v-8r3f-8pww"
    },
    {
      "type": "ADVISORY",
      "url": "https://nvd.nist.gov/vuln/detail/CVE-2022-24768"
    },
    {
      "type": "FIX",
      "url": "https://github.com/argoproj/argo-cd/commit/af03b291d4b7e9d3ce9a6580ae9c8141af0e05cf"
    },
    {
      "type": "WEB",
      "url": "https://github.com/argoproj/argo-cd/releases/tag/v2.1.14"
    },
    {
      "type": "WEB",
      "url": "https://github.com/argoproj/argo-cd/releases/tag/v2.2.8"
    },
    {
      "type": "WEB",
      "url": "https://github.com/argoproj/argo-cd/releases/tag/v2.3.2"
    }
  ],
  "database_specific": {
    "url": "https://pkg.go.dev/vuln/GO-2022-0359",
    "review_status": "UNREVIEWED"
  }
}