{
  "schema_version": "1.3.1",
  "id": "GO-2022-0491",
  "modified": "0001-01-01T00:00:00Z",
  "published": "0001-01-01T00:00:00Z",
  "aliases": [
    "CVE-2022-31066",
    "GHSA-g63h-q855-vp3q"
  ],
  "summary": "Configuration API in EdgeXFoundry 2.1.0 and earlier exposes message bus credentials to local unauthenticated users in github.com/edgexfoundry/app-functions-sdk-go",
  "details": "Configuration API in EdgeXFoundry 2.1.0 and earlier exposes message bus credentials to local unauthenticated users in github.com/edgexfoundry/app-functions-sdk-go",
  "affected": [
    {
      "package": {
        "name": "github.com/edgexfoundry/app-functions-sdk-go",
        "ecosystem": "Go"
      },
      "ranges": [
        {
          "type": "SEMVER",
          "events": [
            {
              "introduced": "0"
            }
          ]
        }
      ],
      "ecosystem_specific": {}
    },
    {
      "package": {
        "name": "github.com/edgexfoundry/app-functions-sdk-go/v2",
        "ecosystem": "Go"
      },
      "ranges": [
        {
          "type": "SEMVER",
          "events": [
            {
              "introduced": "0"
            },
            {
              "fixed": "2.1.1"
            }
          ]
        }
      ],
      "ecosystem_specific": {}
    },
    {
      "package": {
        "name": "github.com/edgexfoundry/device-sdk-go",
        "ecosystem": "Go"
      },
      "ranges": [
        {
          "type": "SEMVER",
          "events": [
            {
              "introduced": "0"
            }
          ]
        }
      ],
      "ecosystem_specific": {}
    },
    {
      "package": {
        "name": "github.com/edgexfoundry/device-sdk-go/v2",
        "ecosystem": "Go"
      },
      "ranges": [
        {
          "type": "SEMVER",
          "events": [
            {
              "introduced": "0"
            },
            {
              "fixed": "2.1.1"
            }
          ]
        }
      ],
      "ecosystem_specific": {}
    }
  ],
  "references": [
    {
      "type": "ADVISORY",
      "url": "https://github.com/edgexfoundry/edgex-go/security/advisories/GHSA-g63h-q855-vp3q"
    },
    {
      "type": "ADVISORY",
      "url": "https://nvd.nist.gov/vuln/detail/CVE-2022-31066"
    },
    {
      "type": "FIX",
      "url": "https://github.com/edgexfoundry/device-sdk-go/pull/1161"
    },
    {
      "type": "WEB",
      "url": "https://github.com/edgexfoundry/edgex-go/pull/4016"
    }
  ],
  "database_specific": {
    "url": "https://pkg.go.dev/vuln/GO-2022-0491",
    "review_status": "UNREVIEWED"
  }
}