{
  "schema_version": "1.3.1",
  "id": "GO-2022-0645",
  "modified": "0001-01-01T00:00:00Z",
  "published": "0001-01-01T00:00:00Z",
  "aliases": [
    "CVE-2021-3495",
    "GHSA-mv55-23xp-3wp8"
  ],
  "summary": "Access control flaw in Kiali in github.com/kiali/kiali",
  "details": "Access control flaw in Kiali in github.com/kiali/kiali",
  "affected": [
    {
      "package": {
        "name": "github.com/kiali/kiali",
        "ecosystem": "Go"
      },
      "ranges": [
        {
          "type": "SEMVER",
          "events": [
            {
              "introduced": "0"
            },
            {
              "fixed": "1.33.0"
            }
          ]
        }
      ],
      "ecosystem_specific": {}
    }
  ],
  "references": [
    {
      "type": "ADVISORY",
      "url": "https://github.com/advisories/GHSA-mv55-23xp-3wp8"
    },
    {
      "type": "ADVISORY",
      "url": "https://nvd.nist.gov/vuln/detail/CVE-2021-3495"
    },
    {
      "type": "WEB",
      "url": "https://bugzilla.redhat.com/show_bug.cgi?id=1947361"
    },
    {
      "type": "WEB",
      "url": "https://github.com/kiali/kiali-operator/pull/278"
    },
    {
      "type": "WEB",
      "url": "https://kiali.io/news/security-bulletins/kiali-security-003"
    }
  ],
  "database_specific": {
    "url": "https://pkg.go.dev/vuln/GO-2022-0645",
    "review_status": "UNREVIEWED"
  }
}