{
  "schema_version": "1.3.1",
  "id": "GO-2022-0494",
  "modified": "0001-01-01T00:00:00Z",
  "published": "0001-01-01T00:00:00Z",
  "aliases": [
    "CVE-2022-34296",
    "GHSA-qx2j-85q5-ffp8"
  ],
  "summary": "Query predicate bypass in Zalando Skipper in github.com/zalando/skipper",
  "details": "Query predicate bypass in Zalando Skipper in github.com/zalando/skipper",
  "affected": [
    {
      "package": {
        "name": "github.com/zalando/skipper",
        "ecosystem": "Go"
      },
      "ranges": [
        {
          "type": "SEMVER",
          "events": [
            {
              "introduced": "0"
            },
            {
              "fixed": "0.13.218"
            }
          ]
        }
      ],
      "ecosystem_specific": {}
    }
  ],
  "references": [
    {
      "type": "ADVISORY",
      "url": "https://github.com/advisories/GHSA-qx2j-85q5-ffp8"
    },
    {
      "type": "ADVISORY",
      "url": "https://nvd.nist.gov/vuln/detail/CVE-2022-34296"
    },
    {
      "type": "FIX",
      "url": "https://github.com/zalando/skipper/commit/998a658ce5a68a336a98f4e63e4371e200860dfc"
    },
    {
      "type": "FIX",
      "url": "https://github.com/zalando/skipper/pull/2028"
    },
    {
      "type": "WEB",
      "url": "https://github.com/zalando/skipper/releases/tag/v0.13.218"
    }
  ],
  "database_specific": {
    "url": "https://pkg.go.dev/vuln/GO-2022-0494",
    "review_status": "UNREVIEWED"
  }
}