{
  "schema_version": "1.3.1",
  "id": "GO-2022-0600",
  "modified": "0001-01-01T00:00:00Z",
  "published": "0001-01-01T00:00:00Z",
  "aliases": [
    "CVE-2022-24686",
    "GHSA-gwmc-6795-qghj"
  ],
  "summary": "HashiCorp Nomad Artifact Download Race Condition in github.com/hashicorp/nomad",
  "details": "HashiCorp Nomad Artifact Download Race Condition in github.com/hashicorp/nomad",
  "affected": [
    {
      "package": {
        "name": "github.com/hashicorp/nomad",
        "ecosystem": "Go"
      },
      "ranges": [
        {
          "type": "SEMVER",
          "events": [
            {
              "introduced": "0.3.0"
            },
            {
              "fixed": "1.0.18"
            },
            {
              "introduced": "1.1.0"
            },
            {
              "fixed": "1.1.12"
            },
            {
              "introduced": "1.2.0"
            },
            {
              "fixed": "1.2.6"
            }
          ]
        }
      ],
      "ecosystem_specific": {}
    }
  ],
  "references": [
    {
      "type": "ADVISORY",
      "url": "https://github.com/advisories/GHSA-gwmc-6795-qghj"
    },
    {
      "type": "ADVISORY",
      "url": "https://nvd.nist.gov/vuln/detail/CVE-2022-24686"
    },
    {
      "type": "REPORT",
      "url": "https://github.com/hashicorp/nomad/issues/12036"
    },
    {
      "type": "WEB",
      "url": "https://discuss.hashicorp.com"
    },
    {
      "type": "WEB",
      "url": "https://discuss.hashicorp.com/t/hcsec-2022-01-nomad-artifact-download-race-condition/35559"
    },
    {
      "type": "WEB",
      "url": "https://github.com/hashicorp/nomad/releases/tag/v1.2.6"
    },
    {
      "type": "WEB",
      "url": "https://security.netapp.com/advisory/ntap-20220318-0008"
    }
  ],
  "database_specific": {
    "url": "https://pkg.go.dev/vuln/GO-2022-0600",
    "review_status": "UNREVIEWED"
  }
}