{
  "schema_version": "1.3.1",
  "id": "GO-2022-0583",
  "modified": "0001-01-01T00:00:00Z",
  "published": "0001-01-01T00:00:00Z",
  "aliases": [
    "CVE-2022-1285",
    "GHSA-w689-557m-2cvq"
  ],
  "summary": "Server-Side Request Forgery in gogs webhook in gogs.io/gogs",
  "details": "Server-Side Request Forgery in gogs webhook in gogs.io/gogs",
  "affected": [
    {
      "package": {
        "name": "gogs.io/gogs",
        "ecosystem": "Go"
      },
      "ranges": [
        {
          "type": "SEMVER",
          "events": [
            {
              "introduced": "0"
            },
            {
              "fixed": "0.12.8"
            }
          ]
        }
      ],
      "ecosystem_specific": {}
    }
  ],
  "references": [
    {
      "type": "ADVISORY",
      "url": "https://github.com/gogs/gogs/security/advisories/GHSA-w689-557m-2cvq"
    },
    {
      "type": "ADVISORY",
      "url": "https://nvd.nist.gov/vuln/detail/CVE-2022-1285"
    },
    {
      "type": "WEB",
      "url": "https://github.com/gogs/gogs/commit/7885f454a4946c4bbec1b4f8c603b5eea7429c7f"
    },
    {
      "type": "WEB",
      "url": "https://huntr.dev/bounties/da1fbd6e-7a02-458e-9c2e-6d226c47046d"
    }
  ],
  "database_specific": {
    "url": "https://pkg.go.dev/vuln/GO-2022-0583",
    "review_status": "UNREVIEWED"
  }
}