{
  "schema_version": "1.3.1",
  "id": "GO-2022-0314",
  "modified": "0001-01-01T00:00:00Z",
  "published": "0001-01-01T00:00:00Z",
  "aliases": [
    "CVE-2021-45329",
    "GHSA-r3gq-wxqf-q4gh"
  ],
  "summary": "Cross-site Scripting in Gitea in github.com/go-gitea/gitea",
  "details": "Cross-site Scripting in Gitea in github.com/go-gitea/gitea",
  "affected": [
    {
      "package": {
        "name": "github.com/go-gitea/gitea",
        "ecosystem": "Go"
      },
      "ranges": [
        {
          "type": "SEMVER",
          "events": [
            {
              "introduced": "0"
            },
            {
              "fixed": "1.5.1"
            }
          ]
        }
      ],
      "ecosystem_specific": {}
    }
  ],
  "references": [
    {
      "type": "ADVISORY",
      "url": "https://github.com/advisories/GHSA-r3gq-wxqf-q4gh"
    },
    {
      "type": "ADVISORY",
      "url": "https://nvd.nist.gov/vuln/detail/CVE-2021-45329"
    },
    {
      "type": "FIX",
      "url": "https://github.com/go-gitea/gitea/pull/4710"
    },
    {
      "type": "WEB",
      "url": "https://blog.gitea.io/2018/09/gitea-1.5.1-is-released"
    }
  ],
  "database_specific": {
    "url": "https://pkg.go.dev/vuln/GO-2022-0314",
    "review_status": "UNREVIEWED"
  }
}