{
  "schema_version": "1.3.1",
  "id": "GO-2022-0865",
  "modified": "0001-01-01T00:00:00Z",
  "published": "0001-01-01T00:00:00Z",
  "aliases": [
    "CVE-2020-13794",
    "GHSA-q9p8-33wc-h432"
  ],
  "summary": "Authenticated users can exploit an enumeration vulnerability in Harbor in github.com/goharbor/harbor",
  "details": "Authenticated users can exploit an enumeration vulnerability in Harbor in github.com/goharbor/harbor",
  "affected": [
    {
      "package": {
        "name": "github.com/goharbor/harbor",
        "ecosystem": "Go"
      },
      "ranges": [
        {
          "type": "SEMVER",
          "events": [
            {
              "introduced": "0"
            },
            {
              "fixed": "2.0.3+incompatible"
            }
          ]
        }
      ],
      "ecosystem_specific": {}
    }
  ],
  "references": [
    {
      "type": "ADVISORY",
      "url": "https://github.com/goharbor/harbor/security/advisories/GHSA-q9p8-33wc-h432"
    },
    {
      "type": "ADVISORY",
      "url": "https://nvd.nist.gov/vuln/detail/CVE-2020-13794"
    },
    {
      "type": "WEB",
      "url": "https://github.com/goharbor/harbor/releases"
    },
    {
      "type": "WEB",
      "url": "https://github.com/goharbor/harbor/releases/tag/v2.0.3"
    },
    {
      "type": "WEB",
      "url": "https://github.com/goharbor/harbor/releases/tag/v2.1.0"
    },
    {
      "type": "WEB",
      "url": "https://www.cybereagle.io/blog/cve-2020-13794"
    }
  ],
  "database_specific": {
    "url": "https://pkg.go.dev/vuln/GO-2022-0865",
    "review_status": "UNREVIEWED"
  }
}