{
  "schema_version": "1.3.1",
  "id": "GO-2022-0550",
  "modified": "0001-01-01T00:00:00Z",
  "published": "0001-01-01T00:00:00Z",
  "aliases": [
    "CVE-2021-4070",
    "GHSA-4cxw-hq44-r344"
  ],
  "summary": "Off-by-one Error in v2fly/v2ray-core in github.com/v2fly/v2ray-core",
  "details": "Off-by-one Error in v2fly/v2ray-core in github.com/v2fly/v2ray-core",
  "affected": [
    {
      "package": {
        "name": "github.com/v2fly/v2ray-core",
        "ecosystem": "Go"
      },
      "ranges": [
        {
          "type": "SEMVER",
          "events": [
            {
              "introduced": "0"
            }
          ]
        }
      ],
      "ecosystem_specific": {}
    },
    {
      "package": {
        "name": "github.com/v2fly/v2ray-core/v4",
        "ecosystem": "Go"
      },
      "ranges": [
        {
          "type": "SEMVER",
          "events": [
            {
              "introduced": "0"
            },
            {
              "fixed": "4.44.0"
            }
          ]
        }
      ],
      "ecosystem_specific": {}
    }
  ],
  "references": [
    {
      "type": "ADVISORY",
      "url": "https://github.com/advisories/GHSA-4cxw-hq44-r344"
    },
    {
      "type": "ADVISORY",
      "url": "https://nvd.nist.gov/vuln/detail/CVE-2021-4070"
    },
    {
      "type": "FIX",
      "url": "https://github.com/v2fly/v2ray-core/commit/c1af2bfd7aa59a4482aa7f6ec4b9208c1d350b5c"
    },
    {
      "type": "WEB",
      "url": "https://huntr.dev/bounties/8da19456-4d89-41ef-9781-a41efd6a1877"
    }
  ],
  "database_specific": {
    "url": "https://pkg.go.dev/vuln/GO-2022-0550",
    "review_status": "UNREVIEWED"
  }
}