{
  "schema_version": "1.3.1",
  "id": "GO-2022-0369",
  "modified": "0001-01-01T00:00:00Z",
  "published": "0001-01-01T00:00:00Z",
  "aliases": [
    "CVE-2022-0871",
    "GHSA-gw5h-h6hj-f56g"
  ],
  "summary": "Gogs vulnerable to improper PAM authorization handling in gogs.io/gogs",
  "details": "Gogs vulnerable to improper PAM authorization handling in gogs.io/gogs",
  "affected": [
    {
      "package": {
        "name": "gogs.io/gogs",
        "ecosystem": "Go"
      },
      "ranges": [
        {
          "type": "SEMVER",
          "events": [
            {
              "introduced": "0"
            },
            {
              "fixed": "0.12.5"
            }
          ]
        }
      ],
      "ecosystem_specific": {}
    }
  ],
  "references": [
    {
      "type": "ADVISORY",
      "url": "https://github.com/gogs/gogs/security/advisories/GHSA-gw5h-h6hj-f56g"
    },
    {
      "type": "ADVISORY",
      "url": "https://nvd.nist.gov/vuln/detail/CVE-2022-0871"
    },
    {
      "type": "WEB",
      "url": "https://github.com/gogs/gogs/commit/64102be2c90e1b47dbdd379873ba76c80d4b0e78"
    },
    {
      "type": "WEB",
      "url": "https://github.com/gogs/gogs/issues/6810"
    },
    {
      "type": "WEB",
      "url": "https://huntr.dev/bounties/ea82cfc9-b55c-41fe-ae58-0d0e0bd7ab62"
    }
  ],
  "database_specific": {
    "url": "https://pkg.go.dev/vuln/GO-2022-0369",
    "review_status": "UNREVIEWED"
  }
}