{
  "schema_version": "1.3.1",
  "id": "GO-2022-0783",
  "modified": "0001-01-01T00:00:00Z",
  "published": "0001-01-01T00:00:00Z",
  "aliases": [
    "CVE-2021-29651",
    "GHSA-35vc-w93w-75c2"
  ],
  "summary": "JWT leak via Open Redirect in Programmatic access in github.com/pomerium/pomerium",
  "details": "JWT leak via Open Redirect in Programmatic access in github.com/pomerium/pomerium",
  "affected": [
    {
      "package": {
        "name": "github.com/pomerium/pomerium",
        "ecosystem": "Go"
      },
      "ranges": [
        {
          "type": "SEMVER",
          "events": [
            {
              "introduced": "0"
            },
            {
              "fixed": "0.13.4"
            }
          ]
        }
      ],
      "ecosystem_specific": {}
    }
  ],
  "references": [
    {
      "type": "ADVISORY",
      "url": "https://github.com/pomerium/pomerium/security/advisories/GHSA-35vc-w93w-75c2"
    },
    {
      "type": "ADVISORY",
      "url": "https://nvd.nist.gov/vuln/detail/CVE-2021-29651"
    },
    {
      "type": "FIX",
      "url": "https://github.com/pomerium/pomerium/pull/2049"
    }
  ],
  "database_specific": {
    "url": "https://pkg.go.dev/vuln/GO-2022-0783",
    "review_status": "UNREVIEWED"
  }
}