{
  "schema_version": "1.3.1",
  "id": "GO-2022-0579",
  "modified": "0001-01-01T00:00:00Z",
  "published": "0001-01-01T00:00:00Z",
  "aliases": [
    "CVE-2021-45328",
    "GHSA-36h2-95gj-w488"
  ],
  "summary": "Open redirect in Gitea in github.com/go-gitea/gitea",
  "details": "Open redirect in Gitea in github.com/go-gitea/gitea",
  "affected": [
    {
      "package": {
        "name": "github.com/go-gitea/gitea",
        "ecosystem": "Go"
      },
      "ranges": [
        {
          "type": "SEMVER",
          "events": [
            {
              "introduced": "0"
            },
            {
              "fixed": "1.4.3"
            }
          ]
        }
      ],
      "ecosystem_specific": {}
    }
  ],
  "references": [
    {
      "type": "ADVISORY",
      "url": "https://github.com/advisories/GHSA-36h2-95gj-w488"
    },
    {
      "type": "ADVISORY",
      "url": "https://nvd.nist.gov/vuln/detail/CVE-2021-45328"
    },
    {
      "type": "REPORT",
      "url": "https://github.com/go-gitea/gitea/issues/4332"
    },
    {
      "type": "WEB",
      "url": "https://blog.gitea.io/2018/06/release-of-1.4.3"
    }
  ],
  "database_specific": {
    "url": "https://pkg.go.dev/vuln/GO-2022-0579",
    "review_status": "UNREVIEWED"
  }
}