{
  "schema_version": "1.3.1",
  "id": "GO-2022-0830",
  "modified": "0001-01-01T00:00:00Z",
  "published": "0001-01-01T00:00:00Z",
  "aliases": [
    "CVE-2020-13246",
    "GHSA-g2qx-6ghw-67hm"
  ],
  "summary": "Denial of Service in Gitea in code.gitea.io/gitea",
  "details": "Denial of Service in Gitea in code.gitea.io/gitea",
  "affected": [
    {
      "package": {
        "name": "code.gitea.io/gitea",
        "ecosystem": "Go"
      },
      "ranges": [
        {
          "type": "SEMVER",
          "events": [
            {
              "introduced": "0"
            },
            {
              "fixed": "1.12.0"
            }
          ]
        }
      ],
      "ecosystem_specific": {}
    }
  ],
  "references": [
    {
      "type": "ADVISORY",
      "url": "https://github.com/advisories/GHSA-g2qx-6ghw-67hm"
    },
    {
      "type": "ADVISORY",
      "url": "https://nvd.nist.gov/vuln/detail/CVE-2020-13246"
    },
    {
      "type": "WEB",
      "url": "https://github.com/go-gitea/gitea/issues/10549"
    },
    {
      "type": "WEB",
      "url": "https://github.com/go-gitea/gitea/pull/11438"
    },
    {
      "type": "WEB",
      "url": "https://www.youtube.com/watch?v=DmVgADSVS88"
    }
  ],
  "database_specific": {
    "url": "https://pkg.go.dev/vuln/GO-2022-0830",
    "review_status": "UNREVIEWED"
  }
}