{
  "schema_version": "1.3.1",
  "id": "GO-2022-0786",
  "modified": "0001-01-01T00:00:00Z",
  "published": "0001-01-01T00:00:00Z",
  "aliases": [
    "CVE-2020-5300",
    "GHSA-3p3g-vpw6-4w66"
  ],
  "summary": "Authentication Bypass in hydra in github.com/ory/hydra",
  "details": "Authentication Bypass in hydra in github.com/ory/hydra",
  "affected": [
    {
      "package": {
        "name": "github.com/ory/hydra",
        "ecosystem": "Go"
      },
      "ranges": [
        {
          "type": "SEMVER",
          "events": [
            {
              "introduced": "0"
            },
            {
              "fixed": "1.4.0"
            }
          ]
        }
      ],
      "ecosystem_specific": {}
    }
  ],
  "references": [
    {
      "type": "ADVISORY",
      "url": "https://github.com/ory/hydra/security/advisories/GHSA-3p3g-vpw6-4w66"
    },
    {
      "type": "ADVISORY",
      "url": "https://nvd.nist.gov/vuln/detail/CVE-2020-5300"
    },
    {
      "type": "FIX",
      "url": "https://github.com/ory/hydra/commit/700d17d3b7d507de1b1d459a7261d6fb2571ebe3"
    },
    {
      "type": "WEB",
      "url": "https://github.com/ory/hydra/releases/tag/v1.4.0"
    },
    {
      "type": "WEB",
      "url": "https://openid.net/specs/openid-connect-core-1_0.html#ClientAuthentication"
    }
  ],
  "database_specific": {
    "url": "https://pkg.go.dev/vuln/GO-2022-0786",
    "review_status": "UNREVIEWED"
  }
}