{
  "schema_version": "1.3.1",
  "id": "GO-2022-0393",
  "modified": "0001-01-01T00:00:00Z",
  "published": "0001-01-01T00:00:00Z",
  "aliases": [
    "GHSA-c66w-hq56-4q97"
  ],
  "summary": "Network policy may be bypassed by some ICMP Echo Requests in github.com/cilium/cilium",
  "details": "Network policy may be bypassed by some ICMP Echo Requests in github.com/cilium/cilium",
  "affected": [
    {
      "package": {
        "name": "github.com/cilium/cilium",
        "ecosystem": "Go"
      },
      "ranges": [
        {
          "type": "SEMVER",
          "events": [
            {
              "introduced": "1.7.8"
            },
            {
              "fixed": "1.7.15"
            },
            {
              "introduced": "1.8.3"
            },
            {
              "fixed": "1.8.8"
            },
            {
              "introduced": "1.9.0"
            },
            {
              "fixed": "1.9.5"
            }
          ]
        }
      ],
      "ecosystem_specific": {}
    }
  ],
  "references": [
    {
      "type": "ADVISORY",
      "url": "https://github.com/cilium/cilium/security/advisories/GHSA-c66w-hq56-4q97"
    }
  ],
  "database_specific": {
    "url": "https://pkg.go.dev/vuln/GO-2022-0393",
    "review_status": "UNREVIEWED"
  }
}