{
  "schema_version": "1.3.1",
  "id": "GO-2022-0450",
  "modified": "0001-01-01T00:00:00Z",
  "published": "0001-01-01T00:00:00Z",
  "aliases": [
    "CVE-2022-30781",
    "GHSA-p5f9-c9j9-g8qx"
  ],
  "summary": "Shell command injection in gitea in code.gitea.io/gitea",
  "details": "Shell command injection in gitea in code.gitea.io/gitea",
  "affected": [
    {
      "package": {
        "name": "code.gitea.io/gitea",
        "ecosystem": "Go"
      },
      "ranges": [
        {
          "type": "SEMVER",
          "events": [
            {
              "introduced": "0"
            },
            {
              "fixed": "1.16.7"
            }
          ]
        }
      ],
      "ecosystem_specific": {}
    }
  ],
  "references": [
    {
      "type": "ADVISORY",
      "url": "https://github.com/advisories/GHSA-p5f9-c9j9-g8qx"
    },
    {
      "type": "ADVISORY",
      "url": "https://nvd.nist.gov/vuln/detail/CVE-2022-30781"
    },
    {
      "type": "WEB",
      "url": "http://packetstormsecurity.com/files/168400/Gitea-1.16.6-Remote-Code-Execution.html"
    },
    {
      "type": "WEB",
      "url": "http://packetstormsecurity.com/files/169928/Gitea-Git-Fetch-Remote-Code-Execution.html"
    },
    {
      "type": "WEB",
      "url": "https://blog.gitea.io/2022/05/gitea-1.16.7-is-released"
    },
    {
      "type": "WEB",
      "url": "https://github.com/go-gitea/gitea/pull/19487"
    },
    {
      "type": "WEB",
      "url": "https://github.com/go-gitea/gitea/pull/19490"
    }
  ],
  "database_specific": {
    "url": "https://pkg.go.dev/vuln/GO-2022-0450",
    "review_status": "UNREVIEWED"
  }
}