{
  "schema_version": "1.3.1",
  "id": "GO-2022-0368",
  "modified": "0001-01-01T00:00:00Z",
  "published": "0001-01-01T00:00:00Z",
  "aliases": [
    "GHSA-gv9j-4w24-q7vx"
  ],
  "summary": "Improper random number generation in github.com/coredns/coredns",
  "details": "Improper random number generation in github.com/coredns/coredns",
  "affected": [
    {
      "package": {
        "name": "github.com/coredns/coredns",
        "ecosystem": "Go"
      },
      "ranges": [
        {
          "type": "SEMVER",
          "events": [
            {
              "introduced": "0"
            },
            {
              "fixed": "1.6.6"
            }
          ]
        }
      ],
      "ecosystem_specific": {}
    }
  ],
  "references": [
    {
      "type": "ADVISORY",
      "url": "https://github.com/coredns/coredns/security/advisories/GHSA-gv9j-4w24-q7vx"
    }
  ],
  "database_specific": {
    "url": "https://pkg.go.dev/vuln/GO-2022-0368",
    "review_status": "UNREVIEWED"
  }
}