{
  "schema_version": "1.3.1",
  "id": "GO-2022-0634",
  "modified": "0001-01-01T00:00:00Z",
  "published": "0001-01-01T00:00:00Z",
  "aliases": [
    "CVE-2019-14802",
    "GHSA-6hv3-7c34-4hx8"
  ],
  "summary": "Hashicorp Nomad Information Exposure Through Environmental Variables in github.com/hashicorp/nomad",
  "details": "Hashicorp Nomad Information Exposure Through Environmental Variables in github.com/hashicorp/nomad",
  "affected": [
    {
      "package": {
        "name": "github.com/hashicorp/nomad",
        "ecosystem": "Go"
      },
      "ranges": [
        {
          "type": "SEMVER",
          "events": [
            {
              "introduced": "0"
            },
            {
              "fixed": "0.9.5"
            }
          ]
        }
      ],
      "ecosystem_specific": {}
    }
  ],
  "references": [
    {
      "type": "ADVISORY",
      "url": "https://cve.mitre.org/cgi-bin/cvename.cgi?name=CVE-2019-14802"
    },
    {
      "type": "ADVISORY",
      "url": "https://github.com/advisories/GHSA-6hv3-7c34-4hx8"
    },
    {
      "type": "ADVISORY",
      "url": "https://nvd.nist.gov/vuln/detail/CVE-2019-14802"
    },
    {
      "type": "FIX",
      "url": "https://github.com/hashicorp/nomad/commit/e8238305ef0b9ef37be3efd86a8d34bfbed5f63f"
    },
    {
      "type": "FIX",
      "url": "https://github.com/hashicorp/nomad/pull/6055"
    },
    {
      "type": "WEB",
      "url": "https://github.com/hashicorp/nomad/releases/tag/v0.9.5"
    },
    {
      "type": "WEB",
      "url": "https://www.hashicorp.com/blog/category/nomad"
    }
  ],
  "database_specific": {
    "url": "https://pkg.go.dev/vuln/GO-2022-0634",
    "review_status": "UNREVIEWED"
  }
}