{
  "schema_version": "1.3.1",
  "id": "GO-2022-0482",
  "modified": "0001-01-01T00:00:00Z",
  "published": "0001-01-01T00:00:00Z",
  "aliases": [
    "CVE-2022-31030",
    "GHSA-5ffw-gxpp-mxpf"
  ],
  "summary": "containerd CRI plugin: Host memory exhaustion through ExecSync in github.com/containerd/containerd",
  "details": "containerd CRI plugin: Host memory exhaustion through ExecSync in github.com/containerd/containerd",
  "affected": [
    {
      "package": {
        "name": "github.com/containerd/containerd",
        "ecosystem": "Go"
      },
      "ranges": [
        {
          "type": "SEMVER",
          "events": [
            {
              "introduced": "0"
            },
            {
              "fixed": "1.5.13"
            },
            {
              "introduced": "1.6.0"
            },
            {
              "fixed": "1.6.6"
            }
          ]
        }
      ],
      "ecosystem_specific": {}
    }
  ],
  "references": [
    {
      "type": "ADVISORY",
      "url": "https://github.com/containerd/containerd/security/advisories/GHSA-5ffw-gxpp-mxpf"
    },
    {
      "type": "ADVISORY",
      "url": "https://nvd.nist.gov/vuln/detail/CVE-2022-31030"
    },
    {
      "type": "FIX",
      "url": "https://github.com/containerd/containerd/commit/c1bcabb4541930f643aa36a2b38655e131346382"
    },
    {
      "type": "WEB",
      "url": "http://www.openwall.com/lists/oss-security/2022/06/07/1"
    },
    {
      "type": "WEB",
      "url": "https://lists.fedoraproject.org/archives/list/package-announce%40lists.fedoraproject.org/message/REOZCUAPCA7NFDWYBDYX6EYXWLHABKBO"
    },
    {
      "type": "WEB",
      "url": "https://lists.fedoraproject.org/archives/list/package-announce%40lists.fedoraproject.org/message/WSIGDBHAB3I75JBJNGWEPBTJPS2FOVHD"
    },
    {
      "type": "WEB",
      "url": "https://lists.fedoraproject.org/archives/list/package-announce@lists.fedoraproject.org/message/REOZCUAPCA7NFDWYBDYX6EYXWLHABKBO"
    },
    {
      "type": "WEB",
      "url": "https://lists.fedoraproject.org/archives/list/package-announce@lists.fedoraproject.org/message/WSIGDBHAB3I75JBJNGWEPBTJPS2FOVHD"
    },
    {
      "type": "WEB",
      "url": "https://security.gentoo.org/glsa/202401-31"
    },
    {
      "type": "WEB",
      "url": "https://www.debian.org/security/2022/dsa-5162"
    }
  ],
  "database_specific": {
    "url": "https://pkg.go.dev/vuln/GO-2022-0482",
    "review_status": "UNREVIEWED"
  }
}