{
  "schema_version": "1.3.1",
  "id": "GO-2022-0707",
  "modified": "0001-01-01T00:00:00Z",
  "published": "0001-01-01T00:00:00Z",
  "aliases": [
    "CVE-2018-15727",
    "GHSA-rgjg-66cx-5x9m"
  ],
  "summary": "Grafana Authentication Bypass in github.com/grafana/grafana",
  "details": "Grafana Authentication Bypass in github.com/grafana/grafana",
  "affected": [
    {
      "package": {
        "name": "github.com/grafana/grafana",
        "ecosystem": "Go"
      },
      "ranges": [
        {
          "type": "SEMVER",
          "events": [
            {
              "introduced": "0"
            },
            {
              "fixed": "4.6.4+incompatible"
            },
            {
              "introduced": "5.0.0+incompatible"
            },
            {
              "fixed": "5.2.3+incompatible"
            }
          ]
        }
      ],
      "ecosystem_specific": {}
    }
  ],
  "references": [
    {
      "type": "ADVISORY",
      "url": "https://github.com/advisories/GHSA-rgjg-66cx-5x9m"
    },
    {
      "type": "ADVISORY",
      "url": "https://nvd.nist.gov/vuln/detail/CVE-2018-15727"
    },
    {
      "type": "FIX",
      "url": "https://github.com/grafana/grafana/commit/7baecf0d0deae0d865e45cf03e082bc0db3f28c3"
    },
    {
      "type": "FIX",
      "url": "https://github.com/grafana/grafana/commit/df83bf10a225811927644bdf6265fa80bdea9137"
    },
    {
      "type": "WEB",
      "url": "https://access.redhat.com/errata/RHSA-2018:3829"
    },
    {
      "type": "WEB",
      "url": "https://access.redhat.com/errata/RHSA-2019:0019"
    },
    {
      "type": "WEB",
      "url": "https://grafana.com/blog/2018/08/29/grafana-5.2.3-and-4.6.4-released-with-important-security-fix"
    }
  ],
  "database_specific": {
    "url": "https://pkg.go.dev/vuln/GO-2022-0707",
    "review_status": "UNREVIEWED"
  }
}