{
  "schema_version": "1.3.1",
  "id": "GO-2022-0878",
  "modified": "0001-01-01T00:00:00Z",
  "published": "0001-01-01T00:00:00Z",
  "aliases": [
    "CVE-2020-28924",
    "GHSA-rmw5-xpg9-jr29"
  ],
  "summary": "Use of Cryptographically Weak Pseudo-Random Number Generator in Rclone in github.com/rclone/rclone",
  "details": "Use of Cryptographically Weak Pseudo-Random Number Generator in Rclone in github.com/rclone/rclone",
  "affected": [
    {
      "package": {
        "name": "github.com/rclone/rclone",
        "ecosystem": "Go"
      },
      "ranges": [
        {
          "type": "SEMVER",
          "events": [
            {
              "introduced": "0"
            },
            {
              "fixed": "1.53.3"
            }
          ]
        }
      ],
      "ecosystem_specific": {}
    }
  ],
  "references": [
    {
      "type": "ADVISORY",
      "url": "https://github.com/advisories/GHSA-rmw5-xpg9-jr29"
    },
    {
      "type": "ADVISORY",
      "url": "https://nvd.nist.gov/vuln/detail/CVE-2020-28924"
    },
    {
      "type": "REPORT",
      "url": "https://github.com/rclone/rclone/issues/4783"
    },
    {
      "type": "WEB",
      "url": "https://lists.fedoraproject.org/archives/list/package-announce@lists.fedoraproject.org/message/UJIFT24Q6EFXLQZ24AER2QGFFZLMIPCD"
    },
    {
      "type": "WEB",
      "url": "https://security.gentoo.org/glsa/202107-14"
    }
  ],
  "database_specific": {
    "url": "https://pkg.go.dev/vuln/GO-2022-0878",
    "review_status": "UNREVIEWED"
  }
}