{
  "schema_version": "1.3.1",
  "id": "GO-2022-0857",
  "modified": "0001-01-01T00:00:00Z",
  "published": "0001-01-01T00:00:00Z",
  "aliases": [
    "CVE-2015-7528",
    "GHSA-mqf3-28j7-3mj6"
  ],
  "summary": "Information Exposure in Kubernetes in github.com/kubernetes/kubernetes",
  "details": "Information Exposure in Kubernetes in github.com/kubernetes/kubernetes",
  "affected": [
    {
      "package": {
        "name": "github.com/kubernetes/kubernetes",
        "ecosystem": "Go"
      },
      "ranges": [
        {
          "type": "SEMVER",
          "events": [
            {
              "introduced": "0"
            },
            {
              "fixed": "1.2.0"
            }
          ]
        }
      ],
      "ecosystem_specific": {}
    }
  ],
  "references": [
    {
      "type": "ADVISORY",
      "url": "https://github.com/advisories/GHSA-mqf3-28j7-3mj6"
    },
    {
      "type": "ADVISORY",
      "url": "https://nvd.nist.gov/vuln/detail/CVE-2015-7528"
    },
    {
      "type": "FIX",
      "url": "https://github.com/kubernetes/kubernetes/commit/afd56495a1052a3387b81df1786a8d0f51bc8671"
    },
    {
      "type": "FIX",
      "url": "https://github.com/kubernetes/kubernetes/pull/17886"
    },
    {
      "type": "WEB",
      "url": "https://access.redhat.com/errata/RHSA-2015:2544"
    },
    {
      "type": "WEB",
      "url": "https://access.redhat.com/errata/RHSA-2015:2615"
    },
    {
      "type": "WEB",
      "url": "https://access.redhat.com/security/cve/CVE-2015-7528"
    },
    {
      "type": "WEB",
      "url": "https://bugzilla.redhat.com/show_bug.cgi?id=1286745"
    },
    {
      "type": "WEB",
      "url": "https://github.com/kubernetes/kubernetes/releases/tag/v1.2.0-alpha.5"
    },
    {
      "type": "WEB",
      "url": "https://github.com/openshift/origin/pull/6113"
    },
    {
      "type": "WEB",
      "url": "https://rhn.redhat.com/errata/RHSA-2015-2615.html"
    }
  ],
  "database_specific": {
    "url": "https://pkg.go.dev/vuln/GO-2022-0857",
    "review_status": "UNREVIEWED"
  }
}