{
  "schema_version": "1.3.1",
  "id": "GO-2022-0501",
  "modified": "0001-01-01T00:00:00Z",
  "published": "0001-01-01T00:00:00Z",
  "aliases": [
    "CVE-2022-31077",
    "GHSA-x938-fvfw-7jh5"
  ],
  "summary": "CloudCore CSI Driver: Malicious response from KubeEdge can crash CSI Driver controller server in github.com/kubeedge/kubeedge",
  "details": "CloudCore CSI Driver: Malicious response from KubeEdge can crash CSI Driver controller server in github.com/kubeedge/kubeedge",
  "affected": [
    {
      "package": {
        "name": "github.com/kubeedge/kubeedge",
        "ecosystem": "Go"
      },
      "ranges": [
        {
          "type": "SEMVER",
          "events": [
            {
              "introduced": "0"
            },
            {
              "fixed": "1.9.3"
            },
            {
              "introduced": "1.10.0"
            },
            {
              "fixed": "1.10.1"
            }
          ]
        }
      ],
      "ecosystem_specific": {}
    }
  ],
  "references": [
    {
      "type": "ADVISORY",
      "url": "https://github.com/kubeedge/kubeedge/security/advisories/GHSA-x938-fvfw-7jh5"
    },
    {
      "type": "ADVISORY",
      "url": "https://nvd.nist.gov/vuln/detail/CVE-2022-31077"
    },
    {
      "type": "FIX",
      "url": "https://github.com/kubeedge/kubeedge/pull/3899"
    },
    {
      "type": "FIX",
      "url": "https://github.com/kubeedge/kubeedge/pull/3899/commits/5d60ae9eabd6b6b7afe38758e19bbe8137664701"
    }
  ],
  "database_specific": {
    "url": "https://pkg.go.dev/vuln/GO-2022-0501",
    "review_status": "UNREVIEWED"
  }
}