{
  "schema_version": "1.3.1",
  "id": "GO-2022-0818",
  "modified": "0001-01-01T00:00:00Z",
  "published": "0001-01-01T00:00:00Z",
  "aliases": [
    "CVE-2019-16097",
    "GHSA-9wvh-ff5f-xjpj"
  ],
  "summary": "Missing Authorization in Harbor in github.com/goharbor/harbor",
  "details": "Missing Authorization in Harbor in github.com/goharbor/harbor",
  "affected": [
    {
      "package": {
        "name": "github.com/goharbor/harbor",
        "ecosystem": "Go"
      },
      "ranges": [
        {
          "type": "SEMVER",
          "events": [
            {
              "introduced": "1.7.0"
            },
            {
              "fixed": "1.9.0-rc1"
            }
          ]
        }
      ],
      "ecosystem_specific": {}
    }
  ],
  "references": [
    {
      "type": "ADVISORY",
      "url": "https://github.com/advisories/GHSA-9wvh-ff5f-xjpj"
    },
    {
      "type": "ADVISORY",
      "url": "https://nvd.nist.gov/vuln/detail/CVE-2019-16097"
    },
    {
      "type": "FIX",
      "url": "https://github.com/goharbor/harbor/commit/b6db8a8a106259ec9a2c48be8a380cb3b37cf517"
    },
    {
      "type": "WEB",
      "url": "http://www.vmware.com/security/advisories/VMSA-2019-0015.html"
    },
    {
      "type": "WEB",
      "url": "https://github.com/goharbor/harbor/compare/v1.8.2...v1.9.0-rc1"
    },
    {
      "type": "WEB",
      "url": "https://github.com/goharbor/harbor/releases/tag/v1.7.6"
    },
    {
      "type": "WEB",
      "url": "https://github.com/goharbor/harbor/releases/tag/v1.8.3"
    },
    {
      "type": "WEB",
      "url": "https://github.com/ianxtianxt/CVE-2019-16097"
    },
    {
      "type": "WEB",
      "url": "https://unit42.paloaltonetworks.com/critical-vulnerability-in-harbor-enables-privilege-escalation-from-zero-to-admin-cve-2019-16097"
    }
  ],
  "database_specific": {
    "url": "https://pkg.go.dev/vuln/GO-2022-0818",
    "review_status": "UNREVIEWED"
  }
}