{
  "schema_version": "1.3.1",
  "id": "GO-2022-0611",
  "modified": "0001-01-01T00:00:00Z",
  "published": "0001-01-01T00:00:00Z",
  "aliases": [
    "CVE-2021-43998",
    "GHSA-pfmw-vj74-ph8g"
  ],
  "summary": "HashiCorp Vault Incorrect Permission Assignment for Critical Resource in github.com/hashicorp/vault",
  "details": "HashiCorp Vault Incorrect Permission Assignment for Critical Resource in github.com/hashicorp/vault",
  "affected": [
    {
      "package": {
        "name": "github.com/hashicorp/vault",
        "ecosystem": "Go"
      },
      "ranges": [
        {
          "type": "SEMVER",
          "events": [
            {
              "introduced": "0.11.0"
            },
            {
              "fixed": "1.7.6"
            },
            {
              "introduced": "1.8.0"
            },
            {
              "fixed": "1.8.5"
            }
          ]
        }
      ],
      "ecosystem_specific": {}
    }
  ],
  "references": [
    {
      "type": "ADVISORY",
      "url": "https://github.com/advisories/GHSA-pfmw-vj74-ph8g"
    },
    {
      "type": "ADVISORY",
      "url": "https://nvd.nist.gov/vuln/detail/CVE-2021-43998"
    },
    {
      "type": "WEB",
      "url": "https://discuss.hashicorp.com/t/hcsec-2021-30-vaults-templated-acl-policies-matched-first-created-alias-per-entity-and-auth-backend/32132"
    },
    {
      "type": "WEB",
      "url": "https://security.gentoo.org/glsa/202207-01"
    }
  ],
  "database_specific": {
    "url": "https://pkg.go.dev/vuln/GO-2022-0611",
    "review_status": "UNREVIEWED"
  }
}