{
  "schema_version": "1.3.1",
  "id": "GO-2022-0483",
  "modified": "0001-01-01T00:00:00Z",
  "published": "0001-01-01T00:00:00Z",
  "aliases": [
    "CVE-2022-31038",
    "GHSA-xq4v-vrp9-vcf2"
  ],
  "summary": "Cross-site Scripting vulnerability in repository issue list in Gogs in gogs.io/gogs",
  "details": "Cross-site Scripting vulnerability in repository issue list in Gogs in gogs.io/gogs",
  "affected": [
    {
      "package": {
        "name": "gogs.io/gogs",
        "ecosystem": "Go"
      },
      "ranges": [
        {
          "type": "SEMVER",
          "events": [
            {
              "introduced": "0"
            },
            {
              "fixed": "0.12.9"
            }
          ]
        }
      ],
      "ecosystem_specific": {}
    }
  ],
  "references": [
    {
      "type": "ADVISORY",
      "url": "https://github.com/gogs/gogs/security/advisories/GHSA-xq4v-vrp9-vcf2"
    },
    {
      "type": "ADVISORY",
      "url": "https://nvd.nist.gov/vuln/detail/CVE-2022-31038"
    },
    {
      "type": "WEB",
      "url": "https://github.com/gogs/gogs/commit/155cae1de8916fc3fde78f350763034b7422caee"
    },
    {
      "type": "WEB",
      "url": "https://github.com/gogs/gogs/pull/7009"
    },
    {
      "type": "WEB",
      "url": "https://github.com/gogs/gogs/releases/tag/v0.12.9"
    }
  ],
  "database_specific": {
    "url": "https://pkg.go.dev/vuln/GO-2022-0483",
    "review_status": "UNREVIEWED"
  }
}