{
  "schema_version": "1.3.1",
  "id": "GO-2022-0822",
  "modified": "0001-01-01T00:00:00Z",
  "published": "0001-01-01T00:00:00Z",
  "aliases": [
    "CVE-2018-15178",
    "GHSA-cpgw-2wxr-pww3"
  ],
  "summary": "Open Redirect in gogs.io/gogs",
  "details": "Open Redirect in gogs.io/gogs",
  "affected": [
    {
      "package": {
        "name": "gogs.io/gogs",
        "ecosystem": "Go"
      },
      "ranges": [
        {
          "type": "SEMVER",
          "events": [
            {
              "introduced": "0"
            },
            {
              "fixed": "0.12.0"
            }
          ]
        }
      ],
      "ecosystem_specific": {}
    }
  ],
  "references": [
    {
      "type": "ADVISORY",
      "url": "https://github.com/advisories/GHSA-cpgw-2wxr-pww3"
    },
    {
      "type": "ADVISORY",
      "url": "https://nvd.nist.gov/vuln/detail/CVE-2018-15178"
    },
    {
      "type": "WEB",
      "url": "https://github.com/gogs/gogs/commit/1f247cf8139cb483276cd8dd06385a800ce9d4b2"
    },
    {
      "type": "WEB",
      "url": "https://github.com/gogs/gogs/issues/5364"
    },
    {
      "type": "WEB",
      "url": "https://github.com/gogs/gogs/pull/5365"
    }
  ],
  "database_specific": {
    "url": "https://pkg.go.dev/vuln/GO-2022-0822",
    "review_status": "UNREVIEWED"
  }
}