{
  "schema_version": "1.3.1",
  "id": "GO-2022-0752",
  "modified": "0001-01-01T00:00:00Z",
  "published": "0001-01-01T00:00:00Z",
  "aliases": [
    "CVE-2014-3499",
    "GHSA-wxj3-qwv4-cvfm"
  ],
  "summary": "Privilege Escalation in Docker in github.com/docker/docker",
  "details": "Privilege Escalation in Docker in github.com/docker/docker",
  "affected": [
    {
      "package": {
        "name": "github.com/docker/docker",
        "ecosystem": "Go"
      },
      "ranges": [
        {
          "type": "SEMVER",
          "events": [
            {
              "introduced": "0"
            },
            {
              "fixed": "1.0.1"
            }
          ]
        }
      ],
      "ecosystem_specific": {}
    }
  ],
  "references": [
    {
      "type": "ADVISORY",
      "url": "https://github.com/advisories/GHSA-wxj3-qwv4-cvfm"
    },
    {
      "type": "ADVISORY",
      "url": "https://nvd.nist.gov/vuln/detail/CVE-2014-3499"
    },
    {
      "type": "FIX",
      "url": "https://github.com/docker/docker/commit/707ef9618b3b26a0534a0af732a22f159eccfaa5"
    },
    {
      "type": "WEB",
      "url": "http://rhn.redhat.com/errata/RHSA-2014-0820.html"
    },
    {
      "type": "WEB",
      "url": "https://bugzilla.redhat.com/show_bug.cgi?id=1111687"
    },
    {
      "type": "WEB",
      "url": "https://rhn.redhat.com/errata/RHSA-2014-0820.html"
    },
    {
      "type": "WEB",
      "url": "https://web.nvd.nist.gov/view/vuln/detail?vulnId=CVE-2014-3499"
    }
  ],
  "database_specific": {
    "url": "https://pkg.go.dev/vuln/GO-2022-0752",
    "review_status": "UNREVIEWED"
  }
}