{
  "schema_version": "1.3.1",
  "id": "GO-2022-0638",
  "modified": "0001-01-01T00:00:00Z",
  "published": "0001-01-01T00:00:00Z",
  "aliases": [
    "CVE-2015-3630",
    "GHSA-8fvr-5rqf-3wwh"
  ],
  "summary": "Information Exposure in Docker Engine in github.com/docker/docker",
  "details": "Information Exposure in Docker Engine in github.com/docker/docker",
  "affected": [
    {
      "package": {
        "name": "github.com/docker/docker",
        "ecosystem": "Go"
      },
      "ranges": [
        {
          "type": "SEMVER",
          "events": [
            {
              "introduced": "1.6.0"
            },
            {
              "fixed": "1.6.1"
            }
          ]
        }
      ],
      "ecosystem_specific": {}
    }
  ],
  "references": [
    {
      "type": "ADVISORY",
      "url": "https://github.com/advisories/GHSA-8fvr-5rqf-3wwh"
    },
    {
      "type": "ADVISORY",
      "url": "https://nvd.nist.gov/vuln/detail/CVE-2015-3630"
    },
    {
      "type": "WEB",
      "url": "https://github.com/moby/moby/commit/545b440a80f676a506e5837678dd4c4f65e78660"
    },
    {
      "type": "WEB",
      "url": "https://groups.google.com/forum/#%21searchin/docker-user/1.6.1/docker-user/47GZrihtr-4/nwgeOOFLexIJ"
    },
    {
      "type": "WEB",
      "url": "https://lists.opensuse.org/opensuse-updates/2015-05/msg00023.html"
    },
    {
      "type": "WEB",
      "url": "https://packetstormsecurity.com/files/131835/Docker-Privilege-Escalation-Information-Disclosure.html"
    },
    {
      "type": "WEB",
      "url": "https://seclists.org/fulldisclosure/2015/May/28"
    },
    {
      "type": "WEB",
      "url": "https://web.nvd.nist.gov/view/vuln/detail?vulnId=CVE-2015-3630"
    }
  ],
  "database_specific": {
    "url": "https://pkg.go.dev/vuln/GO-2022-0638",
    "review_status": "UNREVIEWED"
  }
}