{
  "schema_version": "1.3.1",
  "id": "GO-2022-0315",
  "modified": "0001-01-01T00:00:00Z",
  "published": "0001-01-01T00:00:00Z",
  "aliases": [
    "CVE-2021-45331",
    "GHSA-hfmf-q69j-6m5p"
  ],
  "summary": "Reuse of one time passwords allowed in Gitea in code.gitea.io/gitea",
  "details": "Reuse of one time passwords allowed in Gitea in code.gitea.io/gitea",
  "affected": [
    {
      "package": {
        "name": "code.gitea.io/gitea",
        "ecosystem": "Go"
      },
      "ranges": [
        {
          "type": "SEMVER",
          "events": [
            {
              "introduced": "0"
            },
            {
              "fixed": "1.5.0"
            }
          ]
        }
      ],
      "ecosystem_specific": {}
    }
  ],
  "references": [
    {
      "type": "ADVISORY",
      "url": "https://github.com/advisories/GHSA-hfmf-q69j-6m5p"
    },
    {
      "type": "ADVISORY",
      "url": "https://nvd.nist.gov/vuln/detail/CVE-2021-45331"
    },
    {
      "type": "WEB",
      "url": "https://blog.gitea.io/2018/08/gitea-1.5.0-is-released"
    },
    {
      "type": "WEB",
      "url": "https://github.com/go-gitea/gitea/pull/3878"
    }
  ],
  "database_specific": {
    "url": "https://pkg.go.dev/vuln/GO-2022-0315",
    "review_status": "UNREVIEWED"
  }
}