{
  "schema_version": "1.3.1",
  "id": "GO-2022-0618",
  "modified": "0001-01-01T00:00:00Z",
  "published": "0001-01-01T00:00:00Z",
  "aliases": [
    "CVE-2021-41802",
    "GHSA-qv95-g3gm-x542"
  ],
  "summary": "Hashicorp Vault Privilege Escalation Vulnerability in github.com/hashicorp/vault",
  "details": "Hashicorp Vault Privilege Escalation Vulnerability in github.com/hashicorp/vault",
  "affected": [
    {
      "package": {
        "name": "github.com/hashicorp/vault",
        "ecosystem": "Go"
      },
      "ranges": [
        {
          "type": "SEMVER",
          "events": [
            {
              "introduced": "0"
            },
            {
              "fixed": "1.7.5"
            },
            {
              "introduced": "1.8.0"
            },
            {
              "fixed": "1.8.4"
            }
          ]
        }
      ],
      "ecosystem_specific": {}
    }
  ],
  "references": [
    {
      "type": "ADVISORY",
      "url": "https://github.com/advisories/GHSA-qv95-g3gm-x542"
    },
    {
      "type": "ADVISORY",
      "url": "https://nvd.nist.gov/vuln/detail/CVE-2021-41802"
    },
    {
      "type": "WEB",
      "url": "https://discuss.hashicorp.com/t/hcsec-2021-27-vault-merging-multiple-entity-aliases-for-the-same-mount-may-allow-privilege-escalation"
    },
    {
      "type": "WEB",
      "url": "https://security.gentoo.org/glsa/202207-01"
    }
  ],
  "database_specific": {
    "url": "https://pkg.go.dev/vuln/GO-2022-0618",
    "review_status": "UNREVIEWED"
  }
}