{
  "schema_version": "1.3.1",
  "id": "GO-2022-0540",
  "modified": "0001-01-01T00:00:00Z",
  "published": "0001-01-01T00:00:00Z",
  "aliases": [
    "CVE-2022-2401",
    "GHSA-7ggc-5r84-xf54"
  ],
  "summary": "Mattermost users could access some sensitive information via API call in github.com/mattermost/mattermost-server",
  "details": "Mattermost users could access some sensitive information via API call in github.com/mattermost/mattermost-server",
  "affected": [
    {
      "package": {
        "name": "github.com/mattermost/mattermost-server",
        "ecosystem": "Go"
      },
      "ranges": [
        {
          "type": "SEMVER",
          "events": [
            {
              "introduced": "0"
            }
          ]
        }
      ],
      "ecosystem_specific": {}
    },
    {
      "package": {
        "name": "github.com/mattermost/mattermost-server/v5",
        "ecosystem": "Go"
      },
      "ranges": [
        {
          "type": "SEMVER",
          "events": [
            {
              "introduced": "0"
            }
          ]
        }
      ],
      "ecosystem_specific": {}
    },
    {
      "package": {
        "name": "github.com/mattermost/mattermost-server/v6",
        "ecosystem": "Go"
      },
      "ranges": [
        {
          "type": "SEMVER",
          "events": [
            {
              "introduced": "0"
            },
            {
              "fixed": "6.3.9"
            },
            {
              "introduced": "6.4.0"
            },
            {
              "fixed": "6.5.2"
            },
            {
              "introduced": "6.6.0"
            },
            {
              "fixed": "6.6.2"
            },
            {
              "introduced": "6.7.0"
            },
            {
              "fixed": "6.7.1"
            }
          ]
        }
      ],
      "ecosystem_specific": {}
    }
  ],
  "references": [
    {
      "type": "ADVISORY",
      "url": "https://github.com/advisories/GHSA-7ggc-5r84-xf54"
    },
    {
      "type": "ADVISORY",
      "url": "https://nvd.nist.gov/vuln/detail/CVE-2022-2401"
    },
    {
      "type": "WEB",
      "url": "https://mattermost.com/security-updates"
    }
  ],
  "database_specific": {
    "url": "https://pkg.go.dev/vuln/GO-2022-0540",
    "review_status": "UNREVIEWED"
  }
}