{
  "schema_version": "1.3.1",
  "id": "GO-2022-0782",
  "modified": "0001-01-01T00:00:00Z",
  "published": "0001-01-01T00:00:00Z",
  "aliases": [
    "CVE-2019-1002101",
    "GHSA-34jx-wx69-9x8v"
  ],
  "summary": "Symlink Attack in kubectl cp in k8s.io/kubernetes",
  "details": "Symlink Attack in kubectl cp in k8s.io/kubernetes",
  "affected": [
    {
      "package": {
        "name": "k8s.io/kubernetes",
        "ecosystem": "Go"
      },
      "ranges": [
        {
          "type": "SEMVER",
          "events": [
            {
              "introduced": "0"
            },
            {
              "fixed": "1.11.9"
            },
            {
              "introduced": "1.12.0"
            },
            {
              "fixed": "1.12.7"
            },
            {
              "introduced": "1.13.0"
            },
            {
              "fixed": "1.13.5"
            }
          ]
        }
      ],
      "ecosystem_specific": {}
    }
  ],
  "references": [
    {
      "type": "ADVISORY",
      "url": "https://github.com/advisories/GHSA-34jx-wx69-9x8v"
    },
    {
      "type": "WEB",
      "url": "http://www.openwall.com/lists/oss-security/2019/06/21/1"
    },
    {
      "type": "WEB",
      "url": "http://www.openwall.com/lists/oss-security/2019/08/05/5"
    },
    {
      "type": "WEB",
      "url": "https://access.redhat.com/errata/RHBA-2019:0619"
    },
    {
      "type": "WEB",
      "url": "https://access.redhat.com/errata/RHBA-2019:0620"
    },
    {
      "type": "WEB",
      "url": "https://access.redhat.com/errata/RHBA-2019:0636"
    },
    {
      "type": "WEB",
      "url": "https://github.com/kubernetes/kubernetes/commit/47063891dd782835170f500a83f37cc98c3c1013"
    },
    {
      "type": "WEB",
      "url": "https://github.com/kubernetes/kubernetes/pull/75037"
    },
    {
      "type": "WEB",
      "url": "https://lists.fedoraproject.org/archives/list/package-announce@lists.fedoraproject.org/message/BPV2RE5RMOGUVP5WJMXKQJZUBBLAFZPZ"
    },
    {
      "type": "WEB",
      "url": "https://lists.fedoraproject.org/archives/list/package-announce@lists.fedoraproject.org/message/QZB7E3DOZ5WDG46XAIU6K32CXHXPXB2F"
    },
    {
      "type": "WEB",
      "url": "https://www.twistlock.com/labs-blog/disclosing-directory-traversal-vulnerability-kubernetes-copy-cve-2019-1002101"
    }
  ],
  "database_specific": {
    "url": "https://pkg.go.dev/vuln/GO-2022-0782",
    "review_status": "REVIEWED"
  }
}