{
  "schema_version": "1.3.1",
  "id": "GO-2022-0471",
  "modified": "0001-01-01T00:00:00Z",
  "published": "0001-01-01T00:00:00Z",
  "aliases": [
    "CVE-2021-32546",
    "GHSA-56j7-2pm8-rgmx"
  ],
  "summary": "OS Command Injection in gogs in gogs.io/gogs",
  "details": "OS Command Injection in gogs in gogs.io/gogs",
  "affected": [
    {
      "package": {
        "name": "gogs.io/gogs",
        "ecosystem": "Go"
      },
      "ranges": [
        {
          "type": "SEMVER",
          "events": [
            {
              "introduced": "0"
            },
            {
              "fixed": "0.12.8"
            }
          ]
        }
      ],
      "ecosystem_specific": {}
    }
  ],
  "references": [
    {
      "type": "ADVISORY",
      "url": "https://github.com/gogs/gogs/security/advisories/GHSA-56j7-2pm8-rgmx"
    },
    {
      "type": "ADVISORY",
      "url": "https://nvd.nist.gov/vuln/detail/CVE-2021-32546"
    },
    {
      "type": "WEB",
      "url": "https://github.com/gogs/gogs/blob/f36eeedbf89328ee70cc3a2e239f6314f9021f58/conf/app.ini#L127-L129"
    },
    {
      "type": "WEB",
      "url": "https://github.com/gogs/gogs/issues/6555"
    },
    {
      "type": "WEB",
      "url": "https://github.com/gogs/gogs/pull/6986"
    },
    {
      "type": "WEB",
      "url": "https://github.com/gogs/gogs/releases"
    },
    {
      "type": "WEB",
      "url": "https://github.com/gogs/gogs/releases/tag/v0.12.8"
    }
  ],
  "database_specific": {
    "url": "https://pkg.go.dev/vuln/GO-2022-0471",
    "review_status": "UNREVIEWED"
  }
}