{
  "schema_version": "1.3.1",
  "id": "GO-2022-0854",
  "modified": "0001-01-01T00:00:00Z",
  "published": "0001-01-01T00:00:00Z",
  "aliases": [
    "CVE-2016-1906",
    "GHSA-m3fm-h5jp-q79p"
  ],
  "summary": "Authorization bypass in Openshift in github.com/openshift/origin",
  "details": "Authorization bypass in Openshift in github.com/openshift/origin",
  "affected": [
    {
      "package": {
        "name": "github.com/openshift/origin",
        "ecosystem": "Go"
      },
      "ranges": [
        {
          "type": "SEMVER",
          "events": [
            {
              "introduced": "0"
            },
            {
              "fixed": "1.1.1"
            }
          ]
        }
      ],
      "ecosystem_specific": {}
    }
  ],
  "references": [
    {
      "type": "ADVISORY",
      "url": "https://github.com/advisories/GHSA-m3fm-h5jp-q79p"
    },
    {
      "type": "ADVISORY",
      "url": "https://nvd.nist.gov/vuln/detail/CVE-2016-1906"
    },
    {
      "type": "FIX",
      "url": "https://github.com/openshift/origin/commit/d95ec085f03ecf10e8c424a4f0340ddb38891406"
    },
    {
      "type": "FIX",
      "url": "https://github.com/openshift/origin/pull/6576"
    },
    {
      "type": "REPORT",
      "url": "https://github.com/openshift/origin/issues/6556"
    },
    {
      "type": "WEB",
      "url": "https://access.redhat.com/errata/RHSA-2016:0070"
    },
    {
      "type": "WEB",
      "url": "https://access.redhat.com/errata/RHSA-2016:0351"
    },
    {
      "type": "WEB",
      "url": "https://access.redhat.com/security/cve/CVE-2016-1906"
    },
    {
      "type": "WEB",
      "url": "https://bugzilla.redhat.com/show_bug.cgi?id=1297916"
    },
    {
      "type": "WEB",
      "url": "https://web.nvd.nist.gov/view/vuln/detail?vulnId=CVE-2016-1906"
    }
  ],
  "database_specific": {
    "url": "https://pkg.go.dev/vuln/GO-2022-0854",
    "review_status": "UNREVIEWED"
  }
}