{
  "schema_version": "1.3.1",
  "id": "GO-2022-0641",
  "modified": "0001-01-01T00:00:00Z",
  "published": "0001-01-01T00:00:00Z",
  "aliases": [
    "CVE-2021-20188",
    "GHSA-9h63-7qf6-mv6r"
  ],
  "summary": "Improper Authorization in github.com/containers/libpod",
  "details": "Improper Authorization in github.com/containers/libpod",
  "affected": [
    {
      "package": {
        "name": "github.com/containers/libpod",
        "ecosystem": "Go"
      },
      "ranges": [
        {
          "type": "SEMVER",
          "events": [
            {
              "introduced": "0"
            },
            {
              "fixed": "1.7.0"
            }
          ]
        }
      ],
      "ecosystem_specific": {}
    }
  ],
  "references": [
    {
      "type": "ADVISORY",
      "url": "https://github.com/advisories/GHSA-9h63-7qf6-mv6r"
    },
    {
      "type": "ADVISORY",
      "url": "https://nvd.nist.gov/vuln/detail/CVE-2021-20188"
    },
    {
      "type": "WEB",
      "url": "https://bugzilla.redhat.com/show_bug.cgi?id=1915734"
    },
    {
      "type": "WEB",
      "url": "https://github.com/containers/podman/commit/2c7b579fe7328dc6db48bdaf60d0ddd9136b1e24"
    },
    {
      "type": "WEB",
      "url": "https://github.com/containers/podman/commit/c8bd4746151e6ae37d49c4688f2f64e03db429fc"
    },
    {
      "type": "WEB",
      "url": "https://github.com/containers/podman/commit/dcf3c742b1ac4d641d66810113f3d17441a412f4"
    }
  ],
  "database_specific": {
    "url": "https://pkg.go.dev/vuln/GO-2022-0641",
    "review_status": "UNREVIEWED"
  }
}