{
  "schema_version": "1.3.1",
  "id": "GO-2022-0526",
  "modified": "0001-01-01T00:00:00Z",
  "published": "2022-07-20T20:52:17Z",
  "aliases": [
    "CVE-2022-30635"
  ],
  "summary": "Stack exhaustion when decoding certain messages in encoding/gob",
  "details": "Calling Decoder.Decode on a message which contains deeply nested structures can cause a panic due to stack exhaustion.",
  "affected": [
    {
      "package": {
        "name": "stdlib",
        "ecosystem": "Go"
      },
      "ranges": [
        {
          "type": "SEMVER",
          "events": [
            {
              "introduced": "0"
            },
            {
              "fixed": "1.17.12"
            },
            {
              "introduced": "1.18.0-0"
            },
            {
              "fixed": "1.18.4"
            }
          ]
        }
      ],
      "ecosystem_specific": {
        "imports": [
          {
            "path": "encoding/gob",
            "symbols": [
              "Decoder.compileDec",
              "Decoder.compileIgnoreSingle",
              "Decoder.decIgnoreOpFor"
            ]
          }
        ]
      }
    }
  ],
  "references": [
    {
      "type": "FIX",
      "url": "https://go.dev/cl/417064"
    },
    {
      "type": "FIX",
      "url": "https://go.googlesource.com/go/+/6fa37e98ea4382bf881428ee0c150ce591500eb7"
    },
    {
      "type": "REPORT",
      "url": "https://go.dev/issue/53615"
    },
    {
      "type": "WEB",
      "url": "https://groups.google.com/g/golang-announce/c/nqrv9fbR0zE"
    }
  ],
  "database_specific": {
    "url": "https://pkg.go.dev/vuln/GO-2022-0526",
    "review_status": "REVIEWED"
  }
}