{
  "schema_version": "1.3.1",
  "id": "GO-2022-0339",
  "modified": "0001-01-01T00:00:00Z",
  "published": "0001-01-01T00:00:00Z",
  "aliases": [
    "CVE-2022-25326",
    "GHSA-chxf-fjcf-7fwp",
    "GHSA-mpq4-rjj8-fjph"
  ],
  "summary": "Possible filesystem space exhaustion by local users in github.com/google/fscrypt",
  "details": "Possible filesystem space exhaustion by local users in github.com/google/fscrypt",
  "affected": [
    {
      "package": {
        "name": "github.com/google/fscrypt",
        "ecosystem": "Go"
      },
      "ranges": [
        {
          "type": "SEMVER",
          "events": [
            {
              "introduced": "0"
            },
            {
              "fixed": "0.3.3"
            }
          ]
        }
      ],
      "ecosystem_specific": {}
    }
  ],
  "references": [
    {
      "type": "ADVISORY",
      "url": "https://github.com/google/fscrypt/security/advisories/GHSA-chxf-fjcf-7fwp"
    }
  ],
  "database_specific": {
    "url": "https://pkg.go.dev/vuln/GO-2022-0339",
    "review_status": "UNREVIEWED"
  }
}