{
  "schema_version": "1.3.1",
  "id": "GO-2022-0381",
  "modified": "0001-01-01T00:00:00Z",
  "published": "0001-01-01T00:00:00Z",
  "aliases": [
    "GHSA-3wxm-m9m4-cprj"
  ],
  "summary": "Import of incorrectly embargoed keys could cause early publication in github.com/google/exposure-notifications-server",
  "details": "Import of incorrectly embargoed keys could cause early publication in github.com/google/exposure-notifications-server",
  "affected": [
    {
      "package": {
        "name": "github.com/google/exposure-notifications-server",
        "ecosystem": "Go"
      },
      "ranges": [
        {
          "type": "SEMVER",
          "events": [
            {
              "introduced": "0"
            },
            {
              "fixed": "0.18.3"
            },
            {
              "introduced": "0.19.0"
            },
            {
              "fixed": "0.19.2"
            }
          ]
        }
      ],
      "ecosystem_specific": {}
    }
  ],
  "references": [
    {
      "type": "ADVISORY",
      "url": "https://github.com/google/exposure-notifications-server/security/advisories/GHSA-3wxm-m9m4-cprj"
    }
  ],
  "database_specific": {
    "url": "https://pkg.go.dev/vuln/GO-2022-0381",
    "review_status": "UNREVIEWED"
  }
}