{
  "schema_version": "1.3.1",
  "id": "GO-2022-0270",
  "modified": "0001-01-01T00:00:00Z",
  "published": "0001-01-01T00:00:00Z",
  "aliases": [
    "CVE-2021-22565",
    "GHSA-wx8q-rgfr-cf6v"
  ],
  "summary": "Insufficient Granularity of Access Control in github.com/google/exposure-notifications-verification-server",
  "details": "Insufficient Granularity of Access Control in github.com/google/exposure-notifications-verification-server",
  "affected": [
    {
      "package": {
        "name": "github.com/google/exposure-notifications-verification-server",
        "ecosystem": "Go"
      },
      "ranges": [
        {
          "type": "SEMVER",
          "events": [
            {
              "introduced": "0"
            },
            {
              "fixed": "1.1.2"
            }
          ]
        }
      ],
      "ecosystem_specific": {}
    }
  ],
  "references": [
    {
      "type": "ADVISORY",
      "url": "https://github.com/google/exposure-notifications-verification-server/security/advisories/GHSA-wx8q-rgfr-cf6v"
    },
    {
      "type": "ADVISORY",
      "url": "https://nvd.nist.gov/vuln/detail/CVE-2021-22565"
    },
    {
      "type": "WEB",
      "url": "https://github.com/google/exposure-notifications-verification-server"
    },
    {
      "type": "WEB",
      "url": "https://github.com/google/exposure-notifications-verification-server/releases/tag/v1.1.2"
    }
  ],
  "database_specific": {
    "url": "https://pkg.go.dev/vuln/GO-2022-0270",
    "review_status": "UNREVIEWED"
  }
}