{
  "schema_version": "1.3.1",
  "id": "GO-2022-0775",
  "modified": "0001-01-01T00:00:00Z",
  "published": "0001-01-01T00:00:00Z",
  "aliases": [
    "CVE-2020-26240",
    "GHSA-v592-xf75-856p"
  ],
  "summary": "Erroneous Proof of Work calculation in geth in github.com/ethereum/go-ethereum",
  "details": "Erroneous Proof of Work calculation in geth in github.com/ethereum/go-ethereum",
  "affected": [
    {
      "package": {
        "name": "github.com/ethereum/go-ethereum",
        "ecosystem": "Go"
      },
      "ranges": [
        {
          "type": "SEMVER",
          "events": [
            {
              "introduced": "0"
            },
            {
              "fixed": "1.9.24"
            }
          ]
        }
      ],
      "ecosystem_specific": {}
    }
  ],
  "references": [
    {
      "type": "ADVISORY",
      "url": "https://github.com/ethereum/go-ethereum/security/advisories/GHSA-v592-xf75-856p"
    },
    {
      "type": "FIX",
      "url": "https://github.com/ethereum/go-ethereum/commit/d990df909d7839640143344e79356754384dcdd0"
    },
    {
      "type": "FIX",
      "url": "https://github.com/ethereum/go-ethereum/pull/21793"
    }
  ],
  "database_specific": {
    "url": "https://pkg.go.dev/vuln/GO-2022-0775",
    "review_status": "REVIEWED"
  }
}