{
  "schema_version": "1.3.1",
  "id": "GO-2022-0578",
  "modified": "0001-01-01T00:00:00Z",
  "published": "0001-01-01T00:00:00Z",
  "aliases": [
    "CVE-2021-42135",
    "GHSA-362v-wg5p-64w2"
  ],
  "summary": "Incorrect Privilege Assignment in HashiCorp Vault in github.com/hashicorp/vault",
  "details": "Incorrect Privilege Assignment in HashiCorp Vault in github.com/hashicorp/vault",
  "affected": [
    {
      "package": {
        "name": "github.com/hashicorp/vault",
        "ecosystem": "Go"
      },
      "ranges": [
        {
          "type": "SEMVER",
          "events": [
            {
              "introduced": "1.8.0"
            },
            {
              "fixed": "1.8.5"
            }
          ]
        }
      ],
      "ecosystem_specific": {}
    }
  ],
  "references": [
    {
      "type": "ADVISORY",
      "url": "https://github.com/advisories/GHSA-362v-wg5p-64w2"
    },
    {
      "type": "ADVISORY",
      "url": "https://nvd.nist.gov/vuln/detail/CVE-2021-42135"
    },
    {
      "type": "WEB",
      "url": "https://discuss.hashicorp.com/t/hcsec-2021-28-vaults-google-cloud-secrets-engine-policies-with-globs-may-provide-additional-privileges-in-vault-1-8-0-onwards"
    },
    {
      "type": "WEB",
      "url": "https://github.com/hashicorp/vault/blob/main/CHANGELOG.md#180"
    }
  ],
  "database_specific": {
    "url": "https://pkg.go.dev/vuln/GO-2022-0578",
    "review_status": "UNREVIEWED"
  }
}