{
  "schema_version": "1.3.1",
  "id": "GO-2022-0824",
  "modified": "0001-01-01T00:00:00Z",
  "published": "0001-01-01T00:00:00Z",
  "aliases": [
    "CVE-2020-24359",
    "GHSA-f9fq-vjvh-779p"
  ],
  "summary": "Improper Input Validation in vault-ssh-helper in github.com/hashicorp/vault-ssh-helper",
  "details": "Improper Input Validation in vault-ssh-helper in github.com/hashicorp/vault-ssh-helper",
  "affected": [
    {
      "package": {
        "name": "github.com/hashicorp/vault-ssh-helper",
        "ecosystem": "Go"
      },
      "ranges": [
        {
          "type": "SEMVER",
          "events": [
            {
              "introduced": "0"
            },
            {
              "fixed": "0.2.0"
            }
          ]
        }
      ],
      "ecosystem_specific": {}
    }
  ],
  "references": [
    {
      "type": "ADVISORY",
      "url": "https://github.com/advisories/GHSA-f9fq-vjvh-779p"
    },
    {
      "type": "ADVISORY",
      "url": "https://nvd.nist.gov/vuln/detail/CVE-2020-24359"
    },
    {
      "type": "FIX",
      "url": "https://github.com/hashicorp/vault-ssh-helper/commit/83effd08cbcbe4b993d776bd9b39465cd9e4603f"
    },
    {
      "type": "WEB",
      "url": "https://github.com/hashicorp/vault-ssh-helper/blob/master/CHANGELOG.md#020-august-19-2020"
    },
    {
      "type": "WEB",
      "url": "https://github.com/hashicorp/vault-ssh-helper/releases"
    }
  ],
  "database_specific": {
    "url": "https://pkg.go.dev/vuln/GO-2022-0824",
    "review_status": "UNREVIEWED"
  }
}