{
  "schema_version": "1.3.1",
  "id": "GO-2022-0829",
  "modified": "0001-01-01T00:00:00Z",
  "published": "0001-01-01T00:00:00Z",
  "aliases": [
    "GHSA-gwj5-wp6r-5q9f"
  ],
  "summary": "Cronos vulnerable to DoS through unintended Contract Selfdestruct in github.com/crypto-org-chain/cronos",
  "details": "Cronos vulnerable to DoS through unintended Contract Selfdestruct in github.com/crypto-org-chain/cronos",
  "affected": [
    {
      "package": {
        "name": "github.com/crypto-org-chain/cronos",
        "ecosystem": "Go"
      },
      "ranges": [
        {
          "type": "SEMVER",
          "events": [
            {
              "introduced": "0"
            },
            {
              "fixed": "0.8.0"
            }
          ]
        }
      ],
      "ecosystem_specific": {}
    }
  ],
  "references": [
    {
      "type": "ADVISORY",
      "url": "https://github.com/crypto-org-chain/cronos/security/advisories/GHSA-gwj5-wp6r-5q9f"
    },
    {
      "type": "FIX",
      "url": "https://github.com/crypto-org-chain/cronos/commit/2f2cc88b501b47149690fdef05afbbbe5bc116c9"
    },
    {
      "type": "WEB",
      "url": "https://nvd.nist.gov/vuln/detail/CVE-2022-35936"
    }
  ],
  "database_specific": {
    "url": "https://pkg.go.dev/vuln/GO-2022-0829",
    "review_status": "UNREVIEWED"
  }
}