{
  "schema_version": "1.3.1",
  "id": "GO-2022-0395",
  "modified": "0001-01-01T00:00:00Z",
  "published": "0001-01-01T00:00:00Z",
  "aliases": [
    "GHSA-fqfh-778m-2v32"
  ],
  "summary": "GitHub CLI can execute a git binary from the current directory in github.com/cli/cli",
  "details": "GitHub CLI can execute a git binary from the current directory in github.com/cli/cli",
  "affected": [
    {
      "package": {
        "name": "github.com/cli/cli",
        "ecosystem": "Go"
      },
      "ranges": [
        {
          "type": "SEMVER",
          "events": [
            {
              "introduced": "0"
            },
            {
              "fixed": "1.2.1"
            }
          ]
        }
      ],
      "ecosystem_specific": {}
    }
  ],
  "references": [
    {
      "type": "ADVISORY",
      "url": "https://github.com/cli/cli/security/advisories/GHSA-fqfh-778m-2v32"
    }
  ],
  "database_specific": {
    "url": "https://pkg.go.dev/vuln/GO-2022-0395",
    "review_status": "UNREVIEWED"
  }
}