{
  "schema_version": "1.3.1",
  "id": "GO-2022-0449",
  "modified": "0001-01-01T00:00:00Z",
  "published": "0001-01-01T00:00:00Z",
  "aliases": [
    "CVE-2022-29180",
    "GHSA-4wpp-w5r4-7v5v"
  ],
  "summary": "Server-Side Request Forgery in charm in github.com/charmbracelet/charm",
  "details": "Server-Side Request Forgery in charm in github.com/charmbracelet/charm",
  "affected": [
    {
      "package": {
        "name": "github.com/charmbracelet/charm",
        "ecosystem": "Go"
      },
      "ranges": [
        {
          "type": "SEMVER",
          "events": [
            {
              "introduced": "0.9.0"
            },
            {
              "fixed": "0.12.1"
            }
          ]
        }
      ],
      "ecosystem_specific": {}
    }
  ],
  "references": [
    {
      "type": "ADVISORY",
      "url": "https://github.com/charmbracelet/charm/security/advisories/GHSA-4wpp-w5r4-7v5v"
    },
    {
      "type": "ADVISORY",
      "url": "https://nvd.nist.gov/vuln/detail/CVE-2022-29180"
    },
    {
      "type": "FIX",
      "url": "https://github.com/charmbracelet/charm/commit/3c90668f955c7ce5ef721e4fc9faee7053232fd3"
    }
  ],
  "database_specific": {
    "url": "https://pkg.go.dev/vuln/GO-2022-0449",
    "review_status": "UNREVIEWED"
  }
}