{
  "schema_version": "1.3.1",
  "id": "GO-2022-0642",
  "modified": "0001-01-01T00:00:00Z",
  "published": "0001-01-01T00:00:00Z",
  "aliases": [
    "CVE-2014-8683",
    "GHSA-9hx4-qm7h-x84j"
  ],
  "summary": "Cross-site Scripting in Gogs in gogs.io/gogs",
  "details": "Cross-site Scripting in Gogs in gogs.io/gogs",
  "affected": [
    {
      "package": {
        "name": "gogs.io/gogs",
        "ecosystem": "Go"
      },
      "ranges": [
        {
          "type": "SEMVER",
          "events": [
            {
              "introduced": "0.3.1"
            },
            {
              "fixed": "0.5.8"
            }
          ]
        }
      ],
      "ecosystem_specific": {}
    }
  ],
  "references": [
    {
      "type": "ADVISORY",
      "url": "https://github.com/advisories/GHSA-9hx4-qm7h-x84j"
    },
    {
      "type": "ADVISORY",
      "url": "https://nvd.nist.gov/vuln/detail/CVE-2014-8683"
    },
    {
      "type": "WEB",
      "url": "https://exchange.xforce.ibmcloud.com/vulnerabilities/98693"
    },
    {
      "type": "WEB",
      "url": "https://github.com/gogits/gogs/commit/3abc41cccab2486012b46305827433ad6f5deade"
    },
    {
      "type": "WEB",
      "url": "https://github.com/gogits/gogs/releases/tag/v0.5.8"
    },
    {
      "type": "WEB",
      "url": "https://packetstormsecurity.com/files/129118/Gogs-Markdown-Renderer-Cross-Site-Scripting.html"
    },
    {
      "type": "WEB",
      "url": "https://seclists.org/fulldisclosure/2014/Nov/31"
    },
    {
      "type": "WEB",
      "url": "https://seclists.org/fulldisclosure/2014/Nov/34"
    }
  ],
  "database_specific": {
    "url": "https://pkg.go.dev/vuln/GO-2022-0642",
    "review_status": "UNREVIEWED"
  }
}