{
  "schema_version": "1.3.1",
  "id": "GO-2022-0874",
  "modified": "0001-01-01T00:00:00Z",
  "published": "0001-01-01T00:00:00Z",
  "aliases": [
    "CVE-2020-7955",
    "GHSA-r9w6-rhh9-7v53"
  ],
  "summary": "Incorrect Authorization in HashiCorp Consul in github.com/hashicorp/consul",
  "details": "Incorrect Authorization in HashiCorp Consul in github.com/hashicorp/consul",
  "affected": [
    {
      "package": {
        "name": "github.com/hashicorp/consul",
        "ecosystem": "Go"
      },
      "ranges": [
        {
          "type": "SEMVER",
          "events": [
            {
              "introduced": "1.4.1"
            },
            {
              "fixed": "1.6.3"
            }
          ]
        }
      ],
      "ecosystem_specific": {}
    }
  ],
  "references": [
    {
      "type": "ADVISORY",
      "url": "https://github.com/advisories/GHSA-r9w6-rhh9-7v53"
    },
    {
      "type": "ADVISORY",
      "url": "https://nvd.nist.gov/vuln/detail/CVE-2020-7955"
    },
    {
      "type": "REPORT",
      "url": "https://github.com/hashicorp/consul/issues/7160"
    },
    {
      "type": "WEB",
      "url": "https://www.hashicorp.com/blog/category/consul"
    }
  ],
  "database_specific": {
    "url": "https://pkg.go.dev/vuln/GO-2022-0874",
    "review_status": "UNREVIEWED"
  }
}