{
  "schema_version": "1.3.1",
  "id": "GO-2020-0040",
  "modified": "0001-01-01T00:00:00Z",
  "published": "2021-04-14T20:04:52Z",
  "aliases": [
    "CVE-2020-36562",
    "GHSA-p6fg-723f-hgpw"
  ],
  "summary": "Uncontrolled Resource Consumption in github.com/shiyanhui/dht",
  "details": "Due to unchecked type assertions, maliciously crafted messages can cause panics, which may be used as a denial of service vector.",
  "affected": [
    {
      "package": {
        "name": "github.com/shiyanhui/dht",
        "ecosystem": "Go"
      },
      "ranges": [
        {
          "type": "SEMVER",
          "events": [
            {
              "introduced": "0"
            }
          ]
        }
      ],
      "ecosystem_specific": {
        "imports": [
          {
            "path": "github.com/shiyanhui/dht"
          }
        ]
      }
    }
  ],
  "references": [
    {
      "type": "WEB",
      "url": "https://github.com/shiyanhui/dht/issues/57"
    }
  ],
  "credits": [
    {
      "name": "@hMihaiDavid"
    }
  ],
  "database_specific": {
    "url": "https://pkg.go.dev/vuln/GO-2020-0040",
    "review_status": "REVIEWED"
  }
}