{
  "schema_version": "1.3.1",
  "id": "GO-2022-0340",
  "modified": "0001-01-01T00:00:00Z",
  "published": "0001-01-01T00:00:00Z",
  "aliases": [
    "CVE-2022-25327",
    "GHSA-8vwm-8vj8-rqjf",
    "GHSA-p93v-m2r2-4387"
  ],
  "summary": "User login denial of service in github.com/google/fscrypt",
  "details": "User login denial of service in github.com/google/fscrypt",
  "affected": [
    {
      "package": {
        "name": "github.com/google/fscrypt",
        "ecosystem": "Go"
      },
      "ranges": [
        {
          "type": "SEMVER",
          "events": [
            {
              "introduced": "0"
            },
            {
              "fixed": "0.3.3"
            }
          ]
        }
      ],
      "ecosystem_specific": {}
    }
  ],
  "references": [
    {
      "type": "ADVISORY",
      "url": "https://github.com/advisories/GHSA-8vwm-8vj8-rqjf"
    },
    {
      "type": "ADVISORY",
      "url": "https://nvd.nist.gov/vuln/detail/CVE-2022-25327"
    },
    {
      "type": "FIX",
      "url": "https://github.com/google/fscrypt/commit/91aa3ebf42032ca783c41f9ec25d885875f66ddb"
    },
    {
      "type": "FIX",
      "url": "https://github.com/google/fscrypt/pull/346"
    }
  ],
  "database_specific": {
    "url": "https://pkg.go.dev/vuln/GO-2022-0340",
    "review_status": "UNREVIEWED"
  }
}