{
  "schema_version": "1.3.1",
  "id": "GO-2021-0054",
  "modified": "0001-01-01T00:00:00Z",
  "published": "2021-04-14T20:04:52Z",
  "aliases": [
    "CVE-2020-36067",
    "GHSA-p64j-r5f4-pwwx"
  ],
  "summary": "Panic due to improper input validation in ForEach in github.com/tidwall/gjson",
  "details": "Due to improper bounds checking, maliciously crafted JSON objects can cause an out-of-bounds panic. If parsing user input, this may be used as a denial of service vector.",
  "affected": [
    {
      "package": {
        "name": "github.com/tidwall/gjson",
        "ecosystem": "Go"
      },
      "ranges": [
        {
          "type": "SEMVER",
          "events": [
            {
              "introduced": "0"
            },
            {
              "fixed": "1.6.6"
            }
          ]
        }
      ],
      "ecosystem_specific": {
        "imports": [
          {
            "path": "github.com/tidwall/gjson",
            "symbols": [
              "Get",
              "GetBytes",
              "GetMany",
              "GetManyBytes",
              "Result.ForEach",
              "Result.Get",
              "unwrap"
            ]
          }
        ]
      }
    }
  ],
  "references": [
    {
      "type": "FIX",
      "url": "https://github.com/tidwall/gjson/commit/bf4efcb3c18d1825b2988603dea5909140a5302b"
    },
    {
      "type": "WEB",
      "url": "https://github.com/tidwall/gjson/issues/196"
    }
  ],
  "credits": [
    {
      "name": "@toptotu"
    }
  ],
  "database_specific": {
    "url": "https://pkg.go.dev/vuln/GO-2021-0054",
    "review_status": "REVIEWED"
  }
}