{
  "schema_version": "1.3.1",
  "id": "GO-2022-0846",
  "modified": "0001-01-01T00:00:00Z",
  "published": "0001-01-01T00:00:00Z",
  "aliases": [
    "CVE-2019-11229",
    "GHSA-hpmr-prr2-cqc4"
  ],
  "summary": "Gitea Remote Code Execution in github.com/go-gitea/gitea",
  "details": "Gitea Remote Code Execution in github.com/go-gitea/gitea",
  "affected": [
    {
      "package": {
        "name": "github.com/go-gitea/gitea",
        "ecosystem": "Go"
      },
      "ranges": [
        {
          "type": "SEMVER",
          "events": [
            {
              "introduced": "0"
            },
            {
              "fixed": "1.7.6"
            }
          ]
        }
      ],
      "ecosystem_specific": {}
    }
  ],
  "references": [
    {
      "type": "ADVISORY",
      "url": "https://github.com/advisories/GHSA-hpmr-prr2-cqc4"
    },
    {
      "type": "ADVISORY",
      "url": "https://nvd.nist.gov/vuln/detail/CVE-2019-11229"
    },
    {
      "type": "FIX",
      "url": "https://github.com/go-gitea/gitea/pull/6593"
    },
    {
      "type": "FIX",
      "url": "https://github.com/go-gitea/gitea/pull/6595"
    },
    {
      "type": "WEB",
      "url": "http://packetstormsecurity.com/files/160833/Gitea-1.7.5-Remote-Code-Execution.html"
    },
    {
      "type": "WEB",
      "url": "https://github.com/go-gitea/gitea/releases/tag/v1.7.6"
    },
    {
      "type": "WEB",
      "url": "https://github.com/go-gitea/gitea/releases/tag/v1.8.0-rc3"
    },
    {
      "type": "WEB",
      "url": "https://www.exploit-db.com/exploits/49383"
    }
  ],
  "database_specific": {
    "url": "https://pkg.go.dev/vuln/GO-2022-0846",
    "review_status": "UNREVIEWED"
  }
}