{
  "schema_version": "1.3.1",
  "id": "GO-2022-0882",
  "modified": "0001-01-01T00:00:00Z",
  "published": "0001-01-01T00:00:00Z",
  "aliases": [
    "CVE-2020-11576",
    "GHSA-vj54-cjrx-x696"
  ],
  "summary": "Observable Discrepancy in Argo in github.com/argoproj/argo-cd",
  "details": "Observable Discrepancy in Argo in github.com/argoproj/argo-cd",
  "affected": [
    {
      "package": {
        "name": "github.com/argoproj/argo-cd",
        "ecosystem": "Go"
      },
      "ranges": [
        {
          "type": "SEMVER",
          "events": [
            {
              "introduced": "1.5.0"
            },
            {
              "fixed": "1.5.1"
            }
          ]
        }
      ],
      "ecosystem_specific": {}
    }
  ],
  "references": [
    {
      "type": "ADVISORY",
      "url": "https://github.com/advisories/GHSA-vj54-cjrx-x696"
    },
    {
      "type": "ADVISORY",
      "url": "https://nvd.nist.gov/vuln/detail/CVE-2020-11576"
    },
    {
      "type": "FIX",
      "url": "https://github.com/argoproj/argo-cd/commit/35a7350b7444bcaf53ee0bb11b9d8e3ae4b717a1"
    },
    {
      "type": "FIX",
      "url": "https://github.com/argoproj/argo-cd/pull/3215"
    }
  ],
  "database_specific": {
    "url": "https://pkg.go.dev/vuln/GO-2022-0882",
    "review_status": "UNREVIEWED"
  }
}