{
  "schema_version": "1.3.1",
  "id": "GO-2022-0597",
  "modified": "0001-01-01T00:00:00Z",
  "published": "0001-01-01T00:00:00Z",
  "aliases": [
    "CVE-2022-1464",
    "GHSA-ff28-f46g-r9g8"
  ],
  "summary": "Cross-site Scripting in Gogs in gogs.io/gogs",
  "details": "Cross-site Scripting in Gogs in gogs.io/gogs",
  "affected": [
    {
      "package": {
        "name": "gogs.io/gogs",
        "ecosystem": "Go"
      },
      "ranges": [
        {
          "type": "SEMVER",
          "events": [
            {
              "introduced": "0"
            },
            {
              "fixed": "0.12.7"
            }
          ]
        }
      ],
      "ecosystem_specific": {}
    }
  ],
  "references": [
    {
      "type": "ADVISORY",
      "url": "https://github.com/gogs/gogs/security/advisories/GHSA-ff28-f46g-r9g8"
    },
    {
      "type": "ADVISORY",
      "url": "https://nvd.nist.gov/vuln/detail/CVE-2022-1464"
    },
    {
      "type": "WEB",
      "url": "https://github.com/gogs/gogs/commit/bc77440b301ac8780698be91dff1ac33b7cee850"
    },
    {
      "type": "WEB",
      "url": "https://huntr.dev/bounties/34a12146-3a5d-4efc-a0f8-7a3ae04b198d"
    }
  ],
  "database_specific": {
    "url": "https://pkg.go.dev/vuln/GO-2022-0597",
    "review_status": "UNREVIEWED"
  }
}