{
  "schema_version": "1.3.1",
  "id": "GO-2022-0802",
  "modified": "0001-01-01T00:00:00Z",
  "published": "0001-01-01T00:00:00Z",
  "aliases": [
    "CVE-2019-11251",
    "GHSA-6qfg-8799-r575"
  ],
  "summary": "Kubernetes kubectl cp Vulnerable to Symlink Attack in k8s.io/kubernetes",
  "details": "Kubernetes kubectl cp Vulnerable to Symlink Attack in k8s.io/kubernetes",
  "affected": [
    {
      "package": {
        "name": "k8s.io/kubernetes",
        "ecosystem": "Go"
      },
      "ranges": [
        {
          "type": "SEMVER",
          "events": [
            {
              "introduced": "1.13.10"
            },
            {
              "fixed": "1.13.11"
            },
            {
              "introduced": "1.14.6"
            },
            {
              "fixed": "1.14.7"
            },
            {
              "introduced": "1.15.3"
            },
            {
              "fixed": "1.16.0"
            }
          ]
        }
      ],
      "ecosystem_specific": {}
    }
  ],
  "references": [
    {
      "type": "ADVISORY",
      "url": "https://github.com/advisories/GHSA-6qfg-8799-r575"
    },
    {
      "type": "WEB",
      "url": "https://github.com/kubernetes/kubernetes/issues/87773"
    },
    {
      "type": "WEB",
      "url": "https://github.com/kubernetes/kubernetes/pull/82143"
    },
    {
      "type": "WEB",
      "url": "https://groups.google.com/d/msg/kubernetes-announce/YYtEFdFimZ4/nZnOezZuBgAJ"
    }
  ],
  "database_specific": {
    "url": "https://pkg.go.dev/vuln/GO-2022-0802",
    "review_status": "REVIEWED"
  }
}