{
  "schema_version": "1.3.1",
  "id": "GO-2022-0358",
  "modified": "0001-01-01T00:00:00Z",
  "published": "0001-01-01T00:00:00Z",
  "aliases": [
    "CVE-2022-24731",
    "GHSA-h6h5-6fmq-rh28"
  ],
  "summary": "Path traversal allows leaking out-of-bound files from Argo CD repo-server in github.com/argoproj/argo-cd",
  "details": "Path traversal allows leaking out-of-bound files from Argo CD repo-server in github.com/argoproj/argo-cd",
  "affected": [
    {
      "package": {
        "name": "github.com/argoproj/argo-cd",
        "ecosystem": "Go"
      },
      "ranges": [
        {
          "type": "SEMVER",
          "events": [
            {
              "introduced": "1.5.0"
            }
          ]
        }
      ],
      "ecosystem_specific": {}
    },
    {
      "package": {
        "name": "github.com/argoproj/argo-cd/v2",
        "ecosystem": "Go"
      },
      "ranges": [
        {
          "type": "SEMVER",
          "events": [
            {
              "introduced": "0"
            },
            {
              "fixed": "2.1.11"
            },
            {
              "introduced": "2.2.0"
            },
            {
              "fixed": "2.2.6"
            },
            {
              "introduced": "2.3.0-rc1"
            },
            {
              "fixed": "2.3.0"
            }
          ]
        }
      ],
      "ecosystem_specific": {}
    }
  ],
  "references": [
    {
      "type": "ADVISORY",
      "url": "https://github.com/argoproj/argo-cd/security/advisories/GHSA-h6h5-6fmq-rh28"
    },
    {
      "type": "ADVISORY",
      "url": "https://nvd.nist.gov/vuln/detail/CVE-2022-24731"
    }
  ],
  "database_specific": {
    "url": "https://pkg.go.dev/vuln/GO-2022-0358",
    "review_status": "UNREVIEWED"
  }
}