{
  "schema_version": "1.3.1",
  "id": "GO-2022-0823",
  "modified": "0001-01-01T00:00:00Z",
  "published": "0001-01-01T00:00:00Z",
  "aliases": [
    "CVE-2018-1000803",
    "GHSA-f5fj-7265-jxhj"
  ],
  "summary": "Gitea Exposes Private Email Addresses in github.com/go-gitea/gitea",
  "details": "Gitea Exposes Private Email Addresses in github.com/go-gitea/gitea",
  "affected": [
    {
      "package": {
        "name": "github.com/go-gitea/gitea",
        "ecosystem": "Go"
      },
      "ranges": [
        {
          "type": "SEMVER",
          "events": [
            {
              "introduced": "0"
            },
            {
              "fixed": "1.5.1"
            }
          ]
        }
      ],
      "ecosystem_specific": {}
    }
  ],
  "references": [
    {
      "type": "ADVISORY",
      "url": "https://github.com/advisories/GHSA-f5fj-7265-jxhj"
    },
    {
      "type": "ADVISORY",
      "url": "https://nvd.nist.gov/vuln/detail/CVE-2018-1000803"
    },
    {
      "type": "FIX",
      "url": "https://github.com/go-gitea/gitea/commit/194a11eb110cd98fc2ba52861abf7770db6885a3"
    },
    {
      "type": "FIX",
      "url": "https://github.com/go-gitea/gitea/pull/4664"
    },
    {
      "type": "FIX",
      "url": "https://github.com/go-gitea/gitea/pull/4664/files#diff-146e0c2b5bb1ea96c9fb73d509456e57"
    }
  ],
  "database_specific": {
    "url": "https://pkg.go.dev/vuln/GO-2022-0823",
    "review_status": "UNREVIEWED"
  }
}