{
  "schema_version": "1.3.1",
  "id": "GO-2022-0593",
  "modified": "0001-01-01T00:00:00Z",
  "published": "0001-01-01T00:00:00Z",
  "aliases": [
    "CVE-2021-37219",
    "GHSA-ccw8-7688-vqx4"
  ],
  "summary": "HashiCorp Consul Privilege Escalation Vulnerability in github.com/hashicorp/consul",
  "details": "HashiCorp Consul Privilege Escalation Vulnerability in github.com/hashicorp/consul",
  "affected": [
    {
      "package": {
        "name": "github.com/hashicorp/consul",
        "ecosystem": "Go"
      },
      "ranges": [
        {
          "type": "SEMVER",
          "events": [
            {
              "introduced": "0"
            },
            {
              "fixed": "1.8.15"
            },
            {
              "introduced": "1.9.0"
            },
            {
              "fixed": "1.9.9"
            },
            {
              "introduced": "1.10.1"
            },
            {
              "fixed": "1.10.2"
            }
          ]
        }
      ],
      "ecosystem_specific": {}
    }
  ],
  "references": [
    {
      "type": "ADVISORY",
      "url": "https://github.com/advisories/GHSA-ccw8-7688-vqx4"
    },
    {
      "type": "ADVISORY",
      "url": "https://nvd.nist.gov/vuln/detail/CVE-2021-37219"
    },
    {
      "type": "FIX",
      "url": "https://github.com/hashicorp/consul/commit/3357e57dac9aadabd476f7a14973e47f003c4cf0"
    },
    {
      "type": "FIX",
      "url": "https://github.com/hashicorp/consul/commit/473edd1764b6739e2e4610ea5dede4c2bc6009d1"
    },
    {
      "type": "FIX",
      "url": "https://github.com/hashicorp/consul/commit/ccf8eb1947357434eb6e66303ddab79f4c9d4103"
    },
    {
      "type": "FIX",
      "url": "https://github.com/hashicorp/consul/pull/10925"
    },
    {
      "type": "WEB",
      "url": "https://discuss.hashicorp.com/t/hcsec-2021-22-consul-raft-rpc-privilege-escalation/29024"
    },
    {
      "type": "WEB",
      "url": "https://security.gentoo.org/glsa/202207-01"
    },
    {
      "type": "WEB",
      "url": "https://www.hashicorp.com/blog/category/consul"
    }
  ],
  "database_specific": {
    "url": "https://pkg.go.dev/vuln/GO-2022-0593",
    "review_status": "UNREVIEWED"
  }
}