{
  "schema_version": "1.3.1",
  "id": "GO-2022-0554",
  "modified": "0001-01-01T00:00:00Z",
  "published": "0001-01-01T00:00:00Z",
  "aliases": [
    "CVE-2022-0415",
    "GHSA-5gjh-5j4f-cpwv"
  ],
  "summary": "Unrestricted Upload of File with Dangerous Type in Gogs in gogs.io/gogs",
  "details": "Unrestricted Upload of File with Dangerous Type in Gogs in gogs.io/gogs",
  "affected": [
    {
      "package": {
        "name": "gogs.io/gogs",
        "ecosystem": "Go"
      },
      "ranges": [
        {
          "type": "SEMVER",
          "events": [
            {
              "introduced": "0"
            },
            {
              "fixed": "0.12.6"
            }
          ]
        }
      ],
      "ecosystem_specific": {}
    }
  ],
  "references": [
    {
      "type": "ADVISORY",
      "url": "https://github.com/gogs/gogs/security/advisories/GHSA-5gjh-5j4f-cpwv"
    },
    {
      "type": "ADVISORY",
      "url": "https://nvd.nist.gov/vuln/detail/CVE-2022-0415"
    },
    {
      "type": "WEB",
      "url": "https://github.com/gogs/gogs/commit/0fef3c9082269e9a4e817274942a5d7c50617284"
    },
    {
      "type": "WEB",
      "url": "https://github.com/gogs/gogs/issues/6833"
    },
    {
      "type": "WEB",
      "url": "https://github.com/gogs/gogs/pull/6838"
    },
    {
      "type": "WEB",
      "url": "https://huntr.dev/bounties/b4928cfe-4110-462f-a180-6d5673797902"
    }
  ],
  "database_specific": {
    "url": "https://pkg.go.dev/vuln/GO-2022-0554",
    "review_status": "UNREVIEWED"
  }
}