{
  "schema_version": "1.3.1",
  "id": "GO-2022-0416",
  "modified": "0001-01-01T00:00:00Z",
  "published": "0001-01-01T00:00:00Z",
  "aliases": [
    "CVE-2022-27649",
    "GHSA-qvf8-p83w-v58j"
  ],
  "summary": "Podman's default inheritable capabilities for linux container not empty in github.com/containers/podman",
  "details": "Podman's default inheritable capabilities for linux container not empty in github.com/containers/podman",
  "affected": [
    {
      "package": {
        "name": "github.com/containers/podman",
        "ecosystem": "Go"
      },
      "ranges": [
        {
          "type": "SEMVER",
          "events": [
            {
              "introduced": "0"
            }
          ]
        }
      ],
      "ecosystem_specific": {}
    },
    {
      "package": {
        "name": "github.com/containers/podman/v2",
        "ecosystem": "Go"
      },
      "ranges": [
        {
          "type": "SEMVER",
          "events": [
            {
              "introduced": "0"
            }
          ]
        }
      ],
      "ecosystem_specific": {}
    },
    {
      "package": {
        "name": "github.com/containers/podman/v3",
        "ecosystem": "Go"
      },
      "ranges": [
        {
          "type": "SEMVER",
          "events": [
            {
              "introduced": "0"
            }
          ]
        }
      ],
      "ecosystem_specific": {}
    },
    {
      "package": {
        "name": "github.com/containers/podman/v4",
        "ecosystem": "Go"
      },
      "ranges": [
        {
          "type": "SEMVER",
          "events": [
            {
              "introduced": "0"
            },
            {
              "fixed": "4.0.3"
            }
          ]
        }
      ],
      "ecosystem_specific": {}
    }
  ],
  "references": [
    {
      "type": "ADVISORY",
      "url": "https://github.com/containers/podman/security/advisories/GHSA-qvf8-p83w-v58j"
    },
    {
      "type": "ADVISORY",
      "url": "https://nvd.nist.gov/vuln/detail/CVE-2022-27649"
    },
    {
      "type": "FIX",
      "url": "https://github.com/containers/podman/commit/aafa80918a245edcbdaceb1191d749570f1872d0"
    },
    {
      "type": "WEB",
      "url": "https://bugzilla.redhat.com/show_bug.cgi?id=2066568"
    },
    {
      "type": "WEB",
      "url": "https://github.com/containers/podman/releases/tag/v4.0.3"
    },
    {
      "type": "WEB",
      "url": "https://lists.fedoraproject.org/archives/list/package-announce@lists.fedoraproject.org/message/4KDETHL5XCT6RZN2BBNOCEXRZ2W3SFU3"
    },
    {
      "type": "WEB",
      "url": "https://lists.fedoraproject.org/archives/list/package-announce@lists.fedoraproject.org/message/DLUJZV3HBP56ADXU6QH2V7RNYUPMVBXQ"
    },
    {
      "type": "WEB",
      "url": "https://lists.fedoraproject.org/archives/list/package-announce@lists.fedoraproject.org/message/J5WPM42UR6XIBQNQPNQHM32X7S4LJTRX"
    }
  ],
  "database_specific": {
    "url": "https://pkg.go.dev/vuln/GO-2022-0416",
    "review_status": "UNREVIEWED"
  }
}