{
  "schema_version": "1.3.1",
  "id": "GO-2022-0378",
  "modified": "0001-01-01T00:00:00Z",
  "published": "0001-01-01T00:00:00Z",
  "aliases": [
    "GHSA-qh54-9vc5-m9fg"
  ],
  "summary": "MD5 hash support in github.com/foxcpp/maddy",
  "details": "MD5 hash support in github.com/foxcpp/maddy",
  "affected": [
    {
      "package": {
        "name": "github.com/foxcpp/maddy",
        "ecosystem": "Go"
      },
      "ranges": [
        {
          "type": "SEMVER",
          "events": [
            {
              "introduced": "0.5.0"
            },
            {
              "fixed": "0.5.2"
            }
          ]
        }
      ],
      "ecosystem_specific": {}
    }
  ],
  "references": [
    {
      "type": "ADVISORY",
      "url": "https://github.com/foxcpp/maddy/security/advisories/GHSA-qh54-9vc5-m9fg"
    }
  ],
  "database_specific": {
    "url": "https://pkg.go.dev/vuln/GO-2022-0378",
    "review_status": "UNREVIEWED"
  }
}