{
  "schema_version": "1.3.1",
  "id": "GO-2021-0235",
  "modified": "0001-01-01T00:00:00Z",
  "published": "2022-02-17T17:34:14Z",
  "aliases": [
    "CVE-2021-3114"
  ],
  "summary": "Incorrect operations on the P-224 curve in crypto/elliptic",
  "details": "The P224() Curve implementation can in rare circumstances generate incorrect outputs, including returning invalid points from ScalarMult.",
  "affected": [
    {
      "package": {
        "name": "stdlib",
        "ecosystem": "Go"
      },
      "ranges": [
        {
          "type": "SEMVER",
          "events": [
            {
              "introduced": "0"
            },
            {
              "fixed": "1.14.14"
            },
            {
              "introduced": "1.15.0-0"
            },
            {
              "fixed": "1.15.7"
            }
          ]
        }
      ],
      "ecosystem_specific": {
        "imports": [
          {
            "path": "crypto/elliptic",
            "symbols": [
              "p224Contract"
            ]
          }
        ]
      }
    }
  ],
  "references": [
    {
      "type": "FIX",
      "url": "https://go.dev/cl/284779"
    },
    {
      "type": "FIX",
      "url": "https://go.googlesource.com/go/+/d95ca9138026cbe40e0857d76a81a16d03230871"
    },
    {
      "type": "REPORT",
      "url": "https://go.dev/issue/43786"
    },
    {
      "type": "WEB",
      "url": "https://groups.google.com/g/golang-announce/c/mperVMGa98w"
    }
  ],
  "credits": [
    {
      "name": "The elliptic-curve-differential-fuzzer project running on OSS-Fuzz"
    },
    {
      "name": "Philippe Antoine (Catena cyber)"
    }
  ],
  "database_specific": {
    "url": "https://pkg.go.dev/vuln/GO-2021-0235",
    "review_status": "REVIEWED"
  }
}