{
  "schema_version": "1.3.1",
  "id": "GO-2022-0517",
  "modified": "0001-01-01T00:00:00Z",
  "published": "0001-01-01T00:00:00Z",
  "aliases": [
    "CVE-2022-31102",
    "GHSA-pmjg-52h9-72qv"
  ],
  "summary": "Argo CD SSO users vulnerable to Cross-site Scripting in github.com/argoproj/argo-cd",
  "details": "Argo CD SSO users vulnerable to Cross-site Scripting in github.com/argoproj/argo-cd",
  "affected": [
    {
      "package": {
        "name": "github.com/argoproj/argo-cd",
        "ecosystem": "Go"
      },
      "ranges": [
        {
          "type": "SEMVER",
          "events": [
            {
              "introduced": "0"
            }
          ]
        }
      ],
      "ecosystem_specific": {}
    },
    {
      "package": {
        "name": "github.com/argoproj/argo-cd/v2",
        "ecosystem": "Go"
      },
      "ranges": [
        {
          "type": "SEMVER",
          "events": [
            {
              "introduced": "2.3.0"
            },
            {
              "fixed": "2.3.6"
            },
            {
              "introduced": "2.4.0"
            },
            {
              "fixed": "2.4.5"
            }
          ]
        }
      ],
      "ecosystem_specific": {}
    }
  ],
  "references": [
    {
      "type": "ADVISORY",
      "url": "https://github.com/argoproj/argo-cd/security/advisories/GHSA-pmjg-52h9-72qv"
    },
    {
      "type": "ADVISORY",
      "url": "https://nvd.nist.gov/vuln/detail/CVE-2022-31102"
    },
    {
      "type": "FIX",
      "url": "https://github.com/argoproj/argo-cd/commit/3800a1e49d1d5a00a6692fee83396a37a6abe89a"
    },
    {
      "type": "FIX",
      "url": "https://github.com/argoproj/argo-cd/commit/8d5119b1e3038a2c1d8b651cb242525e9e734c4c"
    },
    {
      "type": "WEB",
      "url": "https://github.com/argoproj/argo-cd/releases/tag/v2.3.6"
    },
    {
      "type": "WEB",
      "url": "https://github.com/argoproj/argo-cd/releases/tag/v2.4.5"
    }
  ],
  "database_specific": {
    "url": "https://pkg.go.dev/vuln/GO-2022-0517",
    "review_status": "UNREVIEWED"
  }
}