{
  "schema_version": "1.3.1",
  "id": "GO-2022-0260",
  "modified": "0001-01-01T00:00:00Z",
  "published": "0001-01-01T00:00:00Z",
  "aliases": [
    "CVE-2021-41254",
    "GHSA-35rf-v2jv-gfg7"
  ],
  "summary": "Privilege escalation to cluster admin on multi-tenant environments in github.com/fluxcd/kustomize-controller",
  "details": "Privilege escalation to cluster admin on multi-tenant environments in github.com/fluxcd/kustomize-controller",
  "affected": [
    {
      "package": {
        "name": "github.com/fluxcd/kustomize-controller",
        "ecosystem": "Go"
      },
      "ranges": [
        {
          "type": "SEMVER",
          "events": [
            {
              "introduced": "0"
            },
            {
              "fixed": "0.15.0"
            }
          ]
        }
      ],
      "ecosystem_specific": {}
    }
  ],
  "references": [
    {
      "type": "ADVISORY",
      "url": "https://github.com/fluxcd/kustomize-controller/security/advisories/GHSA-35rf-v2jv-gfg7"
    },
    {
      "type": "ADVISORY",
      "url": "https://nvd.nist.gov/vuln/detail/CVE-2021-41254"
    }
  ],
  "database_specific": {
    "url": "https://pkg.go.dev/vuln/GO-2022-0260",
    "review_status": "UNREVIEWED"
  }
}