{
  "schema_version": "1.3.1",
  "id": "GO-2022-0806",
  "modified": "0001-01-01T00:00:00Z",
  "published": "0001-01-01T00:00:00Z",
  "aliases": [
    "CVE-2020-27195",
    "GHSA-77cr-6gr8-7rr9"
  ],
  "summary": "Use After Free in HashiCorp Nomad in github.com/hashicorp/nomad",
  "details": "Use After Free in HashiCorp Nomad in github.com/hashicorp/nomad",
  "affected": [
    {
      "package": {
        "name": "github.com/hashicorp/nomad",
        "ecosystem": "Go"
      },
      "ranges": [
        {
          "type": "SEMVER",
          "events": [
            {
              "introduced": "0.9.0"
            },
            {
              "fixed": "0.10.6"
            },
            {
              "introduced": "0.11.0"
            },
            {
              "fixed": "0.11.5"
            },
            {
              "introduced": "0.12.0"
            },
            {
              "fixed": "0.12.6"
            }
          ]
        }
      ],
      "ecosystem_specific": {}
    }
  ],
  "references": [
    {
      "type": "ADVISORY",
      "url": "https://github.com/advisories/GHSA-77cr-6gr8-7rr9"
    },
    {
      "type": "ADVISORY",
      "url": "https://nvd.nist.gov/vuln/detail/CVE-2020-27195"
    },
    {
      "type": "FIX",
      "url": "https://github.com/hashicorp/nomad/pull/9139"
    },
    {
      "type": "REPORT",
      "url": "https://github.com/hashicorp/nomad/issues/9129"
    },
    {
      "type": "WEB",
      "url": "https://github.com/hashicorp/nomad/blob/master/CHANGELOG.md#0126-october-21-2020"
    },
    {
      "type": "WEB",
      "url": "https://www.nomadproject.io/downloads"
    }
  ],
  "database_specific": {
    "url": "https://pkg.go.dev/vuln/GO-2022-0806",
    "review_status": "UNREVIEWED"
  }
}