{
  "schema_version": "1.3.1",
  "id": "GO-2022-0440",
  "modified": "0001-01-01T00:00:00Z",
  "published": "0001-01-01T00:00:00Z",
  "aliases": [
    "CVE-2022-29947",
    "GHSA-vmp5-c5hp-6c65"
  ],
  "summary": "Woodpecker allows cross-site scripting (XSS) via build logs in github.com/woodpecker-ci/woodpecker",
  "details": "Woodpecker allows cross-site scripting (XSS) via build logs in github.com/woodpecker-ci/woodpecker",
  "affected": [
    {
      "package": {
        "name": "github.com/woodpecker-ci/woodpecker",
        "ecosystem": "Go"
      },
      "ranges": [
        {
          "type": "SEMVER",
          "events": [
            {
              "introduced": "0"
            },
            {
              "fixed": "0.15.1"
            }
          ]
        }
      ],
      "ecosystem_specific": {}
    }
  ],
  "references": [
    {
      "type": "ADVISORY",
      "url": "https://github.com/advisories/GHSA-vmp5-c5hp-6c65"
    },
    {
      "type": "ADVISORY",
      "url": "https://nvd.nist.gov/vuln/detail/CVE-2022-29947"
    },
    {
      "type": "FIX",
      "url": "https://github.com/woodpecker-ci/woodpecker/pull/879"
    },
    {
      "type": "WEB",
      "url": "https://github.com/woodpecker-ci/woodpecker"
    },
    {
      "type": "WEB",
      "url": "https://github.com/woodpecker-ci/woodpecker/releases/tag/v0.15.1"
    }
  ],
  "database_specific": {
    "url": "https://pkg.go.dev/vuln/GO-2022-0440",
    "review_status": "UNREVIEWED"
  }
}