{
  "schema_version": "1.3.1",
  "id": "GO-2022-0367",
  "modified": "0001-01-01T00:00:00Z",
  "published": "0001-01-01T00:00:00Z",
  "aliases": [
    "GHSA-gp6j-vx54-5pmf"
  ],
  "summary": "Incorrect validation of parties IDs leaks secret keys in Secret-sharing scheme in github.com/keep-network/keep-ecdsa",
  "details": "Incorrect validation of parties IDs leaks secret keys in Secret-sharing scheme in github.com/keep-network/keep-ecdsa",
  "affected": [
    {
      "package": {
        "name": "github.com/keep-network/keep-ecdsa",
        "ecosystem": "Go"
      },
      "ranges": [
        {
          "type": "SEMVER",
          "events": [
            {
              "introduced": "0"
            },
            {
              "fixed": "1.8.1"
            }
          ]
        }
      ],
      "ecosystem_specific": {}
    }
  ],
  "references": [
    {
      "type": "ADVISORY",
      "url": "https://github.com/keep-network/keep-ecdsa/security/advisories/GHSA-gp6j-vx54-5pmf"
    },
    {
      "type": "WEB",
      "url": "https://github.com/keep-network/keep-ecdsa/releases/tag/v1.8.1"
    }
  ],
  "database_specific": {
    "url": "https://pkg.go.dev/vuln/GO-2022-0367",
    "review_status": "UNREVIEWED"
  }
}