{
  "schema_version": "1.3.1",
  "id": "GO-2022-0828",
  "modified": "0001-01-01T00:00:00Z",
  "published": "0001-01-01T00:00:00Z",
  "aliases": [
    "CVE-2020-10696",
    "GHSA-fx8w-mjvm-hvpc"
  ],
  "summary": "Path Traversal in Buildah in github.com/containers/buildah",
  "details": "Path Traversal in Buildah in github.com/containers/buildah",
  "affected": [
    {
      "package": {
        "name": "github.com/containers/buildah",
        "ecosystem": "Go"
      },
      "ranges": [
        {
          "type": "SEMVER",
          "events": [
            {
              "introduced": "0"
            },
            {
              "fixed": "1.14.4"
            }
          ]
        }
      ],
      "ecosystem_specific": {
        "imports": [
          {
            "path": "github.com/containers/buildah/imagebuildah",
            "symbols": [
              "downloadToDirectory",
              "stdinToDirectory"
            ]
          }
        ]
      }
    }
  ],
  "references": [
    {
      "type": "ADVISORY",
      "url": "https://github.com/advisories/GHSA-fx8w-mjvm-hvpc"
    },
    {
      "type": "FIX",
      "url": "https://github.com/containers/buildah/pull/2245"
    },
    {
      "type": "WEB",
      "url": "https://access.redhat.com/security/cve/cve-2020-10696"
    },
    {
      "type": "WEB",
      "url": "https://bugzilla.redhat.com/show_bug.cgi?id=1817651"
    },
    {
      "type": "WEB",
      "url": "https://bugzilla.redhat.com/show_bug.cgi?id=CVE-2020-10696"
    }
  ],
  "database_specific": {
    "url": "https://pkg.go.dev/vuln/GO-2022-0828",
    "review_status": "REVIEWED"
  }
}