{
  "schema_version": "1.3.1",
  "id": "GO-2022-0448",
  "modified": "0001-01-01T00:00:00Z",
  "published": "0001-01-01T00:00:00Z",
  "aliases": [
    "CVE-2022-24878",
    "GHSA-7pwf-jg34-hxwp"
  ],
  "summary": "Improper path handling in Kustomization files allows for denial of service in github.com/fluxcd/flux2",
  "details": "Improper path handling in Kustomization files allows for denial of service in github.com/fluxcd/flux2",
  "affected": [
    {
      "package": {
        "name": "github.com/fluxcd/flux2",
        "ecosystem": "Go"
      },
      "ranges": [
        {
          "type": "SEMVER",
          "events": [
            {
              "introduced": "0.19.0"
            },
            {
              "fixed": "0.29.0"
            }
          ]
        }
      ],
      "ecosystem_specific": {}
    },
    {
      "package": {
        "name": "github.com/fluxcd/kustomize-controller",
        "ecosystem": "Go"
      },
      "ranges": [
        {
          "type": "SEMVER",
          "events": [
            {
              "introduced": "0.16.0"
            },
            {
              "fixed": "0.24.0"
            }
          ]
        }
      ],
      "ecosystem_specific": {}
    }
  ],
  "references": [
    {
      "type": "ADVISORY",
      "url": "https://github.com/fluxcd/flux2/security/advisories/GHSA-7pwf-jg34-hxwp"
    },
    {
      "type": "ADVISORY",
      "url": "https://nvd.nist.gov/vuln/detail/CVE-2022-24878"
    }
  ],
  "database_specific": {
    "url": "https://pkg.go.dev/vuln/GO-2022-0448",
    "review_status": "UNREVIEWED"
  }
}