{
  "schema_version": "1.3.1",
  "id": "GO-2022-0508",
  "modified": "0001-01-01T00:00:00Z",
  "published": "0001-01-01T00:00:00Z",
  "aliases": [
    "CVE-2022-31074",
    "GHSA-w52j-3457-q9wr"
  ],
  "summary": "KubeEdge Cloud AdmissionController component DoS in github.com/kubeedge/kubeedge",
  "details": "KubeEdge Cloud AdmissionController component DoS in github.com/kubeedge/kubeedge",
  "affected": [
    {
      "package": {
        "name": "github.com/kubeedge/kubeedge",
        "ecosystem": "Go"
      },
      "ranges": [
        {
          "type": "SEMVER",
          "events": [
            {
              "introduced": "0"
            },
            {
              "fixed": "1.9.4"
            },
            {
              "introduced": "1.10.0"
            },
            {
              "fixed": "1.10.2"
            },
            {
              "introduced": "1.11.0"
            },
            {
              "fixed": "1.11.1"
            }
          ]
        }
      ],
      "ecosystem_specific": {}
    }
  ],
  "references": [
    {
      "type": "ADVISORY",
      "url": "https://github.com/kubeedge/kubeedge/security/advisories/GHSA-w52j-3457-q9wr"
    },
    {
      "type": "ADVISORY",
      "url": "https://nvd.nist.gov/vuln/detail/CVE-2022-31074"
    }
  ],
  "database_specific": {
    "url": "https://pkg.go.dev/vuln/GO-2022-0508",
    "review_status": "UNREVIEWED"
  }
}