{
  "schema_version": "1.3.1",
  "id": "GO-2022-0644",
  "modified": "0001-01-01T00:00:00Z",
  "published": "0001-01-01T00:00:00Z",
  "aliases": [
    "CVE-2018-20321",
    "GHSA-9qq2-xhmc-h9qr"
  ],
  "summary": "Access Control Bypass in github.com/rancher/rancher",
  "details": "Access Control Bypass in github.com/rancher/rancher",
  "affected": [
    {
      "package": {
        "name": "github.com/rancher/rancher",
        "ecosystem": "Go"
      },
      "ranges": [
        {
          "type": "SEMVER",
          "events": [
            {
              "introduced": "2.0.0+incompatible"
            },
            {
              "fixed": "2.1.6+incompatible"
            }
          ]
        }
      ],
      "ecosystem_specific": {}
    }
  ],
  "references": [
    {
      "type": "ADVISORY",
      "url": "https://github.com/advisories/GHSA-9qq2-xhmc-h9qr"
    },
    {
      "type": "ADVISORY",
      "url": "https://nvd.nist.gov/vuln/detail/CVE-2018-20321"
    },
    {
      "type": "FIX",
      "url": "https://github.com/rancher/rancher/commit/6ea187fcc2309d5a7a14ed47de5688bf6573f448"
    },
    {
      "type": "WEB",
      "url": "https://forums.rancher.com/c/announcements"
    },
    {
      "type": "WEB",
      "url": "https://github.com/rancher/rancher/releases/tag/v2.1.6"
    },
    {
      "type": "WEB",
      "url": "https://rancher.com/blog/2019/2019-01-29-explaining-security-vulnerabilities-addressed-in-rancher-v2-1-6-and-v2-0-11"
    }
  ],
  "database_specific": {
    "url": "https://pkg.go.dev/vuln/GO-2022-0644",
    "review_status": "UNREVIEWED"
  }
}