{
  "schema_version": "1.3.1",
  "id": "GO-2022-0342",
  "modified": "0001-01-01T00:00:00Z",
  "published": "0001-01-01T00:00:00Z",
  "aliases": [
    "CVE-2018-18623",
    "GHSA-cmq2-j8v8-2q44"
  ],
  "summary": "Grafana XSS in Dashboard Text Panel in github.com/grafana/grafana",
  "details": "Grafana XSS in Dashboard Text Panel in github.com/grafana/grafana",
  "affected": [
    {
      "package": {
        "name": "github.com/grafana/grafana",
        "ecosystem": "Go"
      },
      "ranges": [
        {
          "type": "SEMVER",
          "events": [
            {
              "introduced": "0"
            },
            {
              "fixed": "6.0.0-beta1+incompatible"
            }
          ]
        }
      ],
      "ecosystem_specific": {}
    }
  ],
  "references": [
    {
      "type": "ADVISORY",
      "url": "https://github.com/advisories/GHSA-cmq2-j8v8-2q44"
    },
    {
      "type": "ADVISORY",
      "url": "https://nvd.nist.gov/vuln/detail/CVE-2018-18623"
    },
    {
      "type": "FIX",
      "url": "https://github.com/grafana/grafana/pull/11813"
    },
    {
      "type": "FIX",
      "url": "https://github.com/grafana/grafana/pull/14984"
    },
    {
      "type": "REPORT",
      "url": "https://github.com/grafana/grafana/issues/15293"
    },
    {
      "type": "REPORT",
      "url": "https://github.com/grafana/grafana/issues/4117"
    },
    {
      "type": "WEB",
      "url": "https://github.com/grafana/grafana/releases/tag/v6.0.0"
    },
    {
      "type": "WEB",
      "url": "https://security.netapp.com/advisory/ntap-20200608-0008"
    }
  ],
  "database_specific": {
    "url": "https://pkg.go.dev/vuln/GO-2022-0342",
    "review_status": "UNREVIEWED"
  }
}