{
  "schema_version": "1.3.1",
  "id": "GO-2022-0328",
  "modified": "0001-01-01T00:00:00Z",
  "published": "0001-01-01T00:00:00Z",
  "aliases": [
    "CVE-2022-23650",
    "GHSA-86f3-hf24-76q4"
  ],
  "summary": "Use of Hard-coded Cryptographic Key in Netmaker in github.com/gravitl/netmaker",
  "details": "Use of Hard-coded Cryptographic Key in Netmaker in github.com/gravitl/netmaker",
  "affected": [
    {
      "package": {
        "name": "github.com/gravitl/netmaker",
        "ecosystem": "Go"
      },
      "ranges": [
        {
          "type": "SEMVER",
          "events": [
            {
              "introduced": "0"
            },
            {
              "fixed": "0.8.5"
            },
            {
              "introduced": "0.9.0"
            },
            {
              "fixed": "0.9.4"
            }
          ]
        }
      ],
      "ecosystem_specific": {}
    }
  ],
  "references": [
    {
      "type": "ADVISORY",
      "url": "https://github.com/gravitl/netmaker/security/advisories/GHSA-86f3-hf24-76q4"
    },
    {
      "type": "ADVISORY",
      "url": "https://nvd.nist.gov/vuln/detail/CVE-2022-23650"
    },
    {
      "type": "FIX",
      "url": "https://github.com/gravitl/netmaker/commit/3d4f44ecfe8be4ca38920556ba3b90502ffb4fee"
    },
    {
      "type": "FIX",
      "url": "https://github.com/gravitl/netmaker/commit/e9bce264719f88c30e252ecc754d08f422f4c080"
    },
    {
      "type": "FIX",
      "url": "https://github.com/gravitl/netmaker/pull/781/commits/1bec97c662670dfdab804343fc42ae4b1d050a87"
    }
  ],
  "database_specific": {
    "url": "https://pkg.go.dev/vuln/GO-2022-0328",
    "review_status": "UNREVIEWED"
  }
}