{
  "schema_version": "1.3.1",
  "id": "GO-2022-0291",
  "modified": "0001-01-01T00:00:00Z",
  "published": "0001-01-01T00:00:00Z",
  "aliases": [
    "CVE-2021-39183",
    "GHSA-2hfj-cxw7-g45p"
  ],
  "summary": "Unsafe inline XSS in pasting DOM element into chat in github.com/owncast/owncast",
  "details": "Unsafe inline XSS in pasting DOM element into chat in github.com/owncast/owncast",
  "affected": [
    {
      "package": {
        "name": "github.com/owncast/owncast",
        "ecosystem": "Go"
      },
      "ranges": [
        {
          "type": "SEMVER",
          "events": [
            {
              "introduced": "0"
            },
            {
              "fixed": "0.0.9"
            }
          ]
        }
      ],
      "ecosystem_specific": {}
    }
  ],
  "references": [
    {
      "type": "ADVISORY",
      "url": "https://github.com/owncast/owncast/security/advisories/GHSA-2hfj-cxw7-g45p"
    },
    {
      "type": "ADVISORY",
      "url": "https://nvd.nist.gov/vuln/detail/CVE-2021-39183"
    }
  ],
  "database_specific": {
    "url": "https://pkg.go.dev/vuln/GO-2022-0291",
    "review_status": "UNREVIEWED"
  }
}