{
  "schema_version": "1.3.1",
  "id": "GO-2022-0797",
  "modified": "0001-01-01T00:00:00Z",
  "published": "0001-01-01T00:00:00Z",
  "aliases": [
    "CVE-2019-14544",
    "GHSA-5r2v-6gm6-vpvh"
  ],
  "summary": "Insecure Permissions in Gogs in gogs.io/gogs",
  "details": "Insecure Permissions in Gogs in gogs.io/gogs",
  "affected": [
    {
      "package": {
        "name": "gogs.io/gogs",
        "ecosystem": "Go"
      },
      "ranges": [
        {
          "type": "SEMVER",
          "events": [
            {
              "introduced": "0"
            },
            {
              "fixed": "0.11.91"
            }
          ]
        }
      ],
      "ecosystem_specific": {}
    }
  ],
  "references": [
    {
      "type": "ADVISORY",
      "url": "https://github.com/advisories/GHSA-5r2v-6gm6-vpvh"
    },
    {
      "type": "ADVISORY",
      "url": "https://nvd.nist.gov/vuln/detail/CVE-2019-14544"
    },
    {
      "type": "WEB",
      "url": "https://github.com/gogs/gogs/commit/c3af3ff1d0484de3bd789ee6c6e47f35d590e945"
    },
    {
      "type": "WEB",
      "url": "https://github.com/gogs/gogs/issues/5764"
    }
  ],
  "database_specific": {
    "url": "https://pkg.go.dev/vuln/GO-2022-0797",
    "review_status": "UNREVIEWED"
  }
}