{
  "schema_version": "1.3.1",
  "id": "GO-2022-0447",
  "modified": "0001-01-01T00:00:00Z",
  "published": "0001-01-01T00:00:00Z",
  "aliases": [
    "CVE-2022-24877",
    "GHSA-j77r-2fxf-5jrw"
  ],
  "summary": "Improper path handling in kustomization files allows path traversal in github.com/fluxcd/flux2",
  "details": "Improper path handling in kustomization files allows path traversal in github.com/fluxcd/flux2",
  "affected": [
    {
      "package": {
        "name": "github.com/fluxcd/flux2",
        "ecosystem": "Go"
      },
      "ranges": [
        {
          "type": "SEMVER",
          "events": [
            {
              "introduced": "0"
            },
            {
              "fixed": "0.29.0"
            }
          ]
        }
      ],
      "ecosystem_specific": {}
    },
    {
      "package": {
        "name": "github.com/fluxcd/kustomize-controller",
        "ecosystem": "Go"
      },
      "ranges": [
        {
          "type": "SEMVER",
          "events": [
            {
              "introduced": "0"
            },
            {
              "fixed": "0.24.0"
            }
          ]
        }
      ],
      "ecosystem_specific": {}
    }
  ],
  "references": [
    {
      "type": "ADVISORY",
      "url": "https://github.com/fluxcd/flux2/security/advisories/GHSA-j77r-2fxf-5jrw"
    },
    {
      "type": "ADVISORY",
      "url": "https://nvd.nist.gov/vuln/detail/CVE-2022-24877"
    },
    {
      "type": "FIX",
      "url": "https://github.com/fluxcd/kustomize-controller/commit/f4528fb25d611da94e491346bea056d5c5c3611f"
    },
    {
      "type": "WEB",
      "url": "https://github.com/fluxcd/pkg/commit/0ec014baf417fd3879d366a45503a548b9267d2a"
    }
  ],
  "database_specific": {
    "url": "https://pkg.go.dev/vuln/GO-2022-0447",
    "review_status": "UNREVIEWED"
  }
}