{
  "schema_version": "1.3.1",
  "id": "GO-2022-0377",
  "modified": "0001-01-01T00:00:00Z",
  "published": "0001-01-01T00:00:00Z",
  "aliases": [
    "GHSA-q347-cg56-pcq4"
  ],
  "summary": "SSRF in repository migration in gogs.io/gogs",
  "details": "SSRF in repository migration in gogs.io/gogs",
  "affected": [
    {
      "package": {
        "name": "gogs.io/gogs",
        "ecosystem": "Go"
      },
      "ranges": [
        {
          "type": "SEMVER",
          "events": [
            {
              "introduced": "0"
            },
            {
              "fixed": "0.12.5"
            }
          ]
        }
      ],
      "ecosystem_specific": {}
    }
  ],
  "references": [
    {
      "type": "ADVISORY",
      "url": "https://github.com/gogs/gogs/security/advisories/GHSA-q347-cg56-pcq4"
    },
    {
      "type": "WEB",
      "url": "https://www.huntr.dev/bounties/327797d7-ae41-498f-9bff-cc0bf98cf531"
    }
  ],
  "database_specific": {
    "url": "https://pkg.go.dev/vuln/GO-2022-0377",
    "review_status": "UNREVIEWED"
  }
}