{
  "schema_version": "1.3.1",
  "id": "GO-2022-0521",
  "modified": "0001-01-01T00:00:00Z",
  "published": "2022-07-20T17:02:04Z",
  "aliases": [
    "CVE-2022-28131"
  ],
  "summary": "Stack exhaustion from deeply nested XML documents in encoding/xml",
  "details": "Calling Decoder.Skip when parsing a deeply nested XML document can cause a panic due to stack exhaustion.",
  "affected": [
    {
      "package": {
        "name": "stdlib",
        "ecosystem": "Go"
      },
      "ranges": [
        {
          "type": "SEMVER",
          "events": [
            {
              "introduced": "0"
            },
            {
              "fixed": "1.17.12"
            },
            {
              "introduced": "1.18.0-0"
            },
            {
              "fixed": "1.18.4"
            }
          ]
        }
      ],
      "ecosystem_specific": {
        "imports": [
          {
            "path": "encoding/xml",
            "symbols": [
              "Decoder.Skip"
            ]
          }
        ]
      }
    }
  ],
  "references": [
    {
      "type": "FIX",
      "url": "https://go.dev/cl/417062"
    },
    {
      "type": "FIX",
      "url": "https://go.googlesource.com/go/+/08c46ed43d80bbb67cb904944ea3417989be4af3"
    },
    {
      "type": "REPORT",
      "url": "https://go.dev/issue/53614"
    },
    {
      "type": "WEB",
      "url": "https://groups.google.com/g/golang-announce/c/nqrv9fbR0zE"
    }
  ],
  "credits": [
    {
      "name": "Go Security Team"
    },
    {
      "name": "Juho Nurminen of Mattermost"
    }
  ],
  "database_specific": {
    "url": "https://pkg.go.dev/vuln/GO-2022-0521",
    "review_status": "REVIEWED"
  }
}