{
  "schema_version": "1.3.1",
  "id": "GO-2022-0585",
  "modified": "0001-01-01T00:00:00Z",
  "published": "0001-01-01T00:00:00Z",
  "aliases": [
    "CVE-2022-23206",
    "GHSA-wp47-9r3h-xfgq"
  ],
  "summary": "Server-Side Request Forgery in Apache Traffic Control in github.com/apache/trafficcontrol",
  "details": "Server-Side Request Forgery in Apache Traffic Control in github.com/apache/trafficcontrol",
  "affected": [
    {
      "package": {
        "name": "github.com/apache/trafficcontrol",
        "ecosystem": "Go"
      },
      "ranges": [
        {
          "type": "SEMVER",
          "events": [
            {
              "introduced": "0"
            },
            {
              "fixed": "5.1.6+incompatible"
            },
            {
              "introduced": "6.0.0+incompatible"
            },
            {
              "fixed": "6.1.0+incompatible"
            }
          ]
        }
      ],
      "ecosystem_specific": {}
    }
  ],
  "references": [
    {
      "type": "ADVISORY",
      "url": "https://github.com/advisories/GHSA-wp47-9r3h-xfgq"
    },
    {
      "type": "ADVISORY",
      "url": "https://nvd.nist.gov/vuln/detail/CVE-2022-23206"
    },
    {
      "type": "WEB",
      "url": "https://lists.apache.org/thread/lsrd2mqj29vrvwsh8g0d560vvz8n126f"
    }
  ],
  "database_specific": {
    "url": "https://pkg.go.dev/vuln/GO-2022-0585",
    "review_status": "UNREVIEWED"
  }
}