{
  "schema_version": "1.3.1",
  "id": "GO-2022-0804",
  "modified": "0001-01-01T00:00:00Z",
  "published": "0001-01-01T00:00:00Z",
  "aliases": [
    "CVE-2020-12757",
    "GHSA-75pc-qvwc-jf3g"
  ],
  "summary": "Improper Input Validation in HashiCorp Vault in github.com/hashicorp/vault-plugin-secrets-gcp",
  "details": "Improper Input Validation in HashiCorp Vault in github.com/hashicorp/vault-plugin-secrets-gcp",
  "affected": [
    {
      "package": {
        "name": "github.com/hashicorp/vault-plugin-secrets-gcp",
        "ecosystem": "Go"
      },
      "ranges": [
        {
          "type": "SEMVER",
          "events": [
            {
              "introduced": "0"
            },
            {
              "fixed": "0.6.2"
            }
          ]
        }
      ],
      "ecosystem_specific": {}
    }
  ],
  "references": [
    {
      "type": "ADVISORY",
      "url": "https://github.com/advisories/GHSA-75pc-qvwc-jf3g"
    },
    {
      "type": "ADVISORY",
      "url": "https://nvd.nist.gov/vuln/detail/CVE-2020-12757"
    },
    {
      "type": "FIX",
      "url": "https://github.com/hashicorp/vault-plugin-secrets-gcp/commit/e43d20870c50f7428dead1411debcec075b35fb4"
    },
    {
      "type": "FIX",
      "url": "https://github.com/hashicorp/vault-plugin-secrets-gcp/pull/85"
    },
    {
      "type": "WEB",
      "url": "https://github.com/hashicorp/vault/blob/master/CHANGELOG.md"
    },
    {
      "type": "WEB",
      "url": "https://github.com/hashicorp/vault/blob/master/CHANGELOG.md#142-may-21st-2020"
    },
    {
      "type": "WEB",
      "url": "https://www.hashicorp.com/blog/category/vault"
    }
  ],
  "database_specific": {
    "url": "https://pkg.go.dev/vuln/GO-2022-0804",
    "review_status": "UNREVIEWED"
  }
}