{
  "schema_version": "1.3.1",
  "id": "GO-2022-0505",
  "modified": "0001-01-01T00:00:00Z",
  "published": "0001-01-01T00:00:00Z",
  "aliases": [
    "CVE-2015-3207",
    "GHSA-rqph-25q9-9jhp"
  ],
  "summary": "Insecure cookies in Openshift Origin in github.com/openshift/origin",
  "details": "Insecure cookies in Openshift Origin in github.com/openshift/origin",
  "affected": [
    {
      "package": {
        "name": "github.com/openshift/origin",
        "ecosystem": "Go"
      },
      "ranges": [
        {
          "type": "SEMVER",
          "events": [
            {
              "introduced": "0"
            },
            {
              "fixed": "1.0.0"
            }
          ]
        }
      ],
      "ecosystem_specific": {}
    }
  ],
  "references": [
    {
      "type": "ADVISORY",
      "url": "https://github.com/advisories/GHSA-rqph-25q9-9jhp"
    },
    {
      "type": "ADVISORY",
      "url": "https://nvd.nist.gov/vuln/detail/CVE-2015-3207"
    },
    {
      "type": "FIX",
      "url": "https://github.com/openshift/origin/pull/2261"
    },
    {
      "type": "FIX",
      "url": "https://github.com/openshift/origin/pull/2291"
    },
    {
      "type": "WEB",
      "url": "https://bugzilla.redhat.com/show_bug.cgi?id=1221882"
    }
  ],
  "database_specific": {
    "url": "https://pkg.go.dev/vuln/GO-2022-0505",
    "review_status": "UNREVIEWED"
  }
}