{
  "schema_version": "1.3.1",
  "id": "GO-2022-0298",
  "modified": "0001-01-01T00:00:00Z",
  "published": "0001-01-01T00:00:00Z",
  "aliases": [
    "CVE-2022-21687",
    "GHSA-rrp4-2xx3-mv29"
  ],
  "summary": "Command injection in gh-ost in github.com/github/gh-ost",
  "details": "Command injection in gh-ost in github.com/github/gh-ost",
  "affected": [
    {
      "package": {
        "name": "github.com/github/gh-ost",
        "ecosystem": "Go"
      },
      "ranges": [
        {
          "type": "SEMVER",
          "events": [
            {
              "introduced": "0"
            },
            {
              "fixed": "1.1.3"
            }
          ]
        }
      ],
      "ecosystem_specific": {}
    }
  ],
  "references": [
    {
      "type": "ADVISORY",
      "url": "https://github.com/github/gh-ost/security/advisories/GHSA-rrp4-2xx3-mv29"
    },
    {
      "type": "ADVISORY",
      "url": "https://nvd.nist.gov/vuln/detail/CVE-2022-21687"
    },
    {
      "type": "FIX",
      "url": "https://github.com/github/gh-ost/commit/a91ab042de013cfd8fbb633763438932d9080d8f"
    }
  ],
  "database_specific": {
    "url": "https://pkg.go.dev/vuln/GO-2022-0298",
    "review_status": "UNREVIEWED"
  }
}