{
  "schema_version": "1.3.1",
  "id": "GO-2022-0576",
  "modified": "0001-01-01T00:00:00Z",
  "published": "0001-01-01T00:00:00Z",
  "aliases": [
    "CVE-2022-1384",
    "GHSA-32rp-q37p-jg6w"
  ],
  "summary": "Insecure plugin handling in Mattermost in github.com/mattermost/mattermost-server",
  "details": "Insecure plugin handling in Mattermost in github.com/mattermost/mattermost-server",
  "affected": [
    {
      "package": {
        "name": "github.com/mattermost/mattermost-server",
        "ecosystem": "Go"
      },
      "ranges": [
        {
          "type": "SEMVER",
          "events": [
            {
              "introduced": "0"
            }
          ]
        }
      ],
      "ecosystem_specific": {}
    },
    {
      "package": {
        "name": "github.com/mattermost/mattermost-server/v5",
        "ecosystem": "Go"
      },
      "ranges": [
        {
          "type": "SEMVER",
          "events": [
            {
              "introduced": "0"
            }
          ]
        }
      ],
      "ecosystem_specific": {}
    },
    {
      "package": {
        "name": "github.com/mattermost/mattermost-server/v6",
        "ecosystem": "Go"
      },
      "ranges": [
        {
          "type": "SEMVER",
          "events": [
            {
              "introduced": "6.4.0"
            },
            {
              "fixed": "6.5.0"
            }
          ]
        }
      ],
      "ecosystem_specific": {}
    }
  ],
  "references": [
    {
      "type": "ADVISORY",
      "url": "https://github.com/advisories/GHSA-32rp-q37p-jg6w"
    },
    {
      "type": "ADVISORY",
      "url": "https://nvd.nist.gov/vuln/detail/CVE-2022-1384"
    },
    {
      "type": "WEB",
      "url": "https://mattermost.com/security-updates"
    }
  ],
  "database_specific": {
    "url": "https://pkg.go.dev/vuln/GO-2022-0576",
    "review_status": "UNREVIEWED"
  }
}