{
  "schema_version": "1.3.1",
  "id": "GO-2022-0835",
  "modified": "0001-01-01T00:00:00Z",
  "published": "0001-01-01T00:00:00Z",
  "aliases": [
    "CVE-2016-9962",
    "GHSA-gp4j-w3vj-7299"
  ],
  "summary": "Information Exposure in RunC in github.com/opencontainers/runc",
  "details": "Information Exposure in RunC in github.com/opencontainers/runc",
  "affected": [
    {
      "package": {
        "name": "github.com/opencontainers/runc",
        "ecosystem": "Go"
      },
      "ranges": [
        {
          "type": "SEMVER",
          "events": [
            {
              "introduced": "0"
            },
            {
              "fixed": "1.0.0-rc3"
            }
          ]
        }
      ],
      "ecosystem_specific": {}
    }
  ],
  "references": [
    {
      "type": "ADVISORY",
      "url": "https://github.com/advisories/GHSA-gp4j-w3vj-7299"
    },
    {
      "type": "FIX",
      "url": "https://github.com/opencontainers/runc/commit/50a19c6ff828c58e5dab13830bd3dacde268afe5"
    },
    {
      "type": "FIX",
      "url": "https://github.com/opencontainers/runc/commit/5d93fed3d27f1e2bab58bad13b180a7a81d0b378"
    },
    {
      "type": "WEB",
      "url": "http://rhn.redhat.com/errata/RHSA-2017-0116.html"
    },
    {
      "type": "WEB",
      "url": "http://rhn.redhat.com/errata/RHSA-2017-0123.html"
    },
    {
      "type": "WEB",
      "url": "http://rhn.redhat.com/errata/RHSA-2017-0127.html"
    },
    {
      "type": "WEB",
      "url": "http://seclists.org/fulldisclosure/2017/Jan/21"
    },
    {
      "type": "WEB",
      "url": "http://seclists.org/fulldisclosure/2017/Jan/29"
    },
    {
      "type": "WEB",
      "url": "https://access.redhat.com/security/vulnerabilities/cve-2016-9962"
    },
    {
      "type": "WEB",
      "url": "https://bugzilla.suse.com/show_bug.cgi?id=1012568#c6"
    },
    {
      "type": "WEB",
      "url": "https://github.com/docker/docker/releases/tag/v1.12.6"
    },
    {
      "type": "WEB",
      "url": "https://lists.fedoraproject.org/archives/list/package-announce@lists.fedoraproject.org/message/BQAXJMMLRU7DD2IMG47SR2K4BOFFG7FZ"
    },
    {
      "type": "WEB",
      "url": "https://lists.fedoraproject.org/archives/list/package-announce@lists.fedoraproject.org/message/FINGBFMIXBG6B6ZWYH3TMRP5V3PDBNXR"
    },
    {
      "type": "WEB",
      "url": "https://lists.fedoraproject.org/archives/list/package-announce@lists.fedoraproject.org/message/UVM7FCOQMPKOFLDTUYSS4ES76DDM56VP"
    },
    {
      "type": "WEB",
      "url": "https://lists.fedoraproject.org/archives/list/package-announce@lists.fedoraproject.org/message/WUQ3MQNEL5IBZZLMLR72Q4YDCL2SCKRK"
    },
    {
      "type": "WEB",
      "url": "https://security.gentoo.org/glsa/201701-34"
    },
    {
      "type": "WEB",
      "url": "https://web.nvd.nist.gov/view/vuln/detail?vulnId=CVE-2016-9962"
    }
  ],
  "database_specific": {
    "url": "https://pkg.go.dev/vuln/GO-2022-0835",
    "review_status": "REVIEWED"
  }
}