{
  "schema_version": "1.3.1",
  "id": "GO-2022-0344",
  "modified": "0001-01-01T00:00:00Z",
  "published": "0001-01-01T00:00:00Z",
  "aliases": [
    "CVE-2022-23648",
    "GHSA-crp2-qrr5-8pq7"
  ],
  "summary": "containerd CRI plugin: Insecure handling of image volumes in github.com/containerd/containerd",
  "details": "containerd CRI plugin: Insecure handling of image volumes in github.com/containerd/containerd",
  "affected": [
    {
      "package": {
        "name": "github.com/containerd/containerd",
        "ecosystem": "Go"
      },
      "ranges": [
        {
          "type": "SEMVER",
          "events": [
            {
              "introduced": "0"
            },
            {
              "fixed": "1.4.13"
            },
            {
              "introduced": "1.5.0"
            },
            {
              "fixed": "1.5.10"
            },
            {
              "introduced": "1.6.0"
            },
            {
              "fixed": "1.6.1"
            }
          ]
        }
      ],
      "ecosystem_specific": {}
    }
  ],
  "references": [
    {
      "type": "ADVISORY",
      "url": "https://github.com/containerd/containerd/security/advisories/GHSA-crp2-qrr5-8pq7"
    },
    {
      "type": "ADVISORY",
      "url": "https://nvd.nist.gov/vuln/detail/CVE-2022-23648"
    },
    {
      "type": "FIX",
      "url": "https://github.com/containerd/containerd/commit/10f428dac7cec44c864e1b830a4623af27a9fc70"
    },
    {
      "type": "WEB",
      "url": "http://packetstormsecurity.com/files/166421/containerd-Image-Volume-Insecure-Handling.html"
    },
    {
      "type": "WEB",
      "url": "https://github.com/containerd/containerd/releases/tag/v1.4.13"
    },
    {
      "type": "WEB",
      "url": "https://github.com/containerd/containerd/releases/tag/v1.5.10"
    },
    {
      "type": "WEB",
      "url": "https://github.com/containerd/containerd/releases/tag/v1.6.1"
    },
    {
      "type": "WEB",
      "url": "https://lists.fedoraproject.org/archives/list/package-announce%40lists.fedoraproject.org/message/AUDQUQBZJGBWJPMRVB6QCCCRF7O3O4PA"
    },
    {
      "type": "WEB",
      "url": "https://lists.fedoraproject.org/archives/list/package-announce%40lists.fedoraproject.org/message/HFTS2EF3S7HNYSNZSEJZIJHPRU7OPUV3"
    },
    {
      "type": "WEB",
      "url": "https://lists.fedoraproject.org/archives/list/package-announce%40lists.fedoraproject.org/message/OCCARJ6FU4MWBTXHZNMS7NELPDBIX2VO"
    },
    {
      "type": "WEB",
      "url": "https://lists.fedoraproject.org/archives/list/package-announce@lists.fedoraproject.org/message/AUDQUQBZJGBWJPMRVB6QCCCRF7O3O4PA"
    },
    {
      "type": "WEB",
      "url": "https://lists.fedoraproject.org/archives/list/package-announce@lists.fedoraproject.org/message/HFTS2EF3S7HNYSNZSEJZIJHPRU7OPUV3"
    },
    {
      "type": "WEB",
      "url": "https://lists.fedoraproject.org/archives/list/package-announce@lists.fedoraproject.org/message/OCCARJ6FU4MWBTXHZNMS7NELPDBIX2VO"
    },
    {
      "type": "WEB",
      "url": "https://security.gentoo.org/glsa/202401-31"
    },
    {
      "type": "WEB",
      "url": "https://www.debian.org/security/2022/dsa-5091"
    }
  ],
  "database_specific": {
    "url": "https://pkg.go.dev/vuln/GO-2022-0344",
    "review_status": "UNREVIEWED"
  }
}