{
  "schema_version": "1.3.1",
  "id": "GO-2022-0398",
  "modified": "0001-01-01T00:00:00Z",
  "published": "0001-01-01T00:00:00Z",
  "aliases": [
    "GHSA-gwj5-3vfq-q992"
  ],
  "summary": "Import loops in account imports, nats-server DoS in github.com/nats-io/nats-server",
  "details": "Import loops in account imports, nats-server DoS in github.com/nats-io/nats-server",
  "affected": [
    {
      "package": {
        "name": "github.com/nats-io/nats-server",
        "ecosystem": "Go"
      },
      "ranges": [
        {
          "type": "SEMVER",
          "events": [
            {
              "introduced": "0"
            }
          ]
        }
      ],
      "ecosystem_specific": {}
    },
    {
      "package": {
        "name": "github.com/nats-io/nats-server/v2",
        "ecosystem": "Go"
      },
      "ranges": [
        {
          "type": "SEMVER",
          "events": [
            {
              "introduced": "0"
            },
            {
              "fixed": "2.2.0"
            }
          ]
        }
      ],
      "ecosystem_specific": {}
    }
  ],
  "references": [
    {
      "type": "ADVISORY",
      "url": "https://github.com/nats-io/nats-server/security/advisories/GHSA-gwj5-3vfq-q992"
    }
  ],
  "database_specific": {
    "url": "https://pkg.go.dev/vuln/GO-2022-0398",
    "review_status": "UNREVIEWED"
  }
}