{
  "schema_version": "1.3.1",
  "id": "GO-2022-0507",
  "modified": "0001-01-01T00:00:00Z",
  "published": "0001-01-01T00:00:00Z",
  "aliases": [
    "CVE-2022-31073",
    "GHSA-vwm6-qc77-v2rh"
  ],
  "summary": "KubeEdge Edge ServiceBus module DoS in github.com/kubeedge/kubeedge",
  "details": "KubeEdge Edge ServiceBus module DoS in github.com/kubeedge/kubeedge",
  "affected": [
    {
      "package": {
        "name": "github.com/kubeedge/kubeedge",
        "ecosystem": "Go"
      },
      "ranges": [
        {
          "type": "SEMVER",
          "events": [
            {
              "introduced": "0"
            },
            {
              "fixed": "1.9.4"
            },
            {
              "introduced": "1.10.0"
            },
            {
              "fixed": "1.10.2"
            },
            {
              "introduced": "1.11.0"
            },
            {
              "fixed": "1.11.1"
            }
          ]
        }
      ],
      "ecosystem_specific": {}
    }
  ],
  "references": [
    {
      "type": "ADVISORY",
      "url": "https://github.com/kubeedge/kubeedge/security/advisories/GHSA-vwm6-qc77-v2rh"
    },
    {
      "type": "ADVISORY",
      "url": "https://nvd.nist.gov/vuln/detail/CVE-2022-31073"
    },
    {
      "type": "FIX",
      "url": "https://github.com/kubeedge/kubeedge/pull/4038"
    },
    {
      "type": "FIX",
      "url": "https://github.com/kubeedge/kubeedge/pull/4039"
    },
    {
      "type": "FIX",
      "url": "https://github.com/kubeedge/kubeedge/pull/4042"
    }
  ],
  "database_specific": {
    "url": "https://pkg.go.dev/vuln/GO-2022-0507",
    "review_status": "UNREVIEWED"
  }
}